DATE,AARTI,ABBOT,AJANTA,ALBERT,ALEMBIC,ALKEM,APOLLO,ASTER,ASTRA,AUROBINDO,BIOCON,BLISS,CADILA,CAPLIN,CIPLA,DIVIS,LAL,REDDY,ERIS,FDC,FERMENTA,FORTIS,GLAXO,GLEN,GRANULE,GUFIC,HESTER,HIKAL,INDOCO,IOL,IPCA,JB,JUBILIANT,KILITCH,LAURUS,LINCOLN,LUPIN,MARKSANS,MEDICAMEN,METROPOLIS,MEROPEN,NARAYANA,NATCO,NECTAR,NEULAND,NOVARTIS,OPTO,PANACEA,PFIZER,PIRAMAL,P&g,RPG,SANOFI,SEQUENT,SHALBY,SHILPA,STRIDES,SUN,SUNADV,SYNGENE,THYROCARE,TORRENT,UNICHEM,VIMTA,VIVIMID,WOCKHARTZ
13-Jan-12,11.52,-0.45,1.92,6.89,36.87,#N/A,9.73,#N/A,21.44,19.16,-0.97,9.67,-0.88,17.49,0.00,0.80,#N/A,3.38,#N/A,2.73,3.50,7.59,0.39,7.45,4.67,3.47,-1.58,6.08,4.24,8.27,-3.61,15.19,7.01,14.95,#N/A,10.10,-3.08,10.92,6.76,#N/A,17.94,#N/A,6.52,31.04,8.86,-2.51,7.27,14.24,0.37,7.64,1.23,-4.34,-0.47,#N/A,#N/A,6.33,-0.54,2.97,4.89,#N/A,#N/A,4.30,25.08,13.70,8.05,28.86
20-Jan-12,0.51,2.76,2.50,-0.33,-1.61,#N/A,-3.55,#N/A,-5.06,-6.71,1.76,-3.81,-3.64,-2.67,-0.70,-0.22,#N/A,-0.64,#N/A,2.84,-0.36,-1.28,0.13,1.55,3.29,0.19,3.81,0.13,3.69,-1.53,1.22,-2.49,-4.05,-3.30,#N/A,4.87,2.62,-2.07,3.00,#N/A,-6.76,#N/A,7.13,-7.52,1.94,-0.45,9.03,0.41,7.36,0.59,2.78,5.71,-0.94,-0.42,#N/A,7.93,0.10,2.89,3.54,#N/A,#N/A,0.23,3.75,9.58,7.03,4.68
27-Jan-12,14.96,-1.31,8.52,6.97,-0.26,#N/A,-0.71,#N/A,7.35,12.79,-2.14,3.13,0.61,2.35,2.80,5.31,#N/A,-0.08,#N/A,0.17,-4.12,5.44,-0.80,-1.14,8.79,0.56,3.99,-2.38,-0.09,10.42,6.39,-4.97,-1.12,6.51,#N/A,2.14,6.09,5.82,2.91,#N/A,5.74,#N/A,0.00,5.42,3.99,4.22,2.92,3.15,4.64,-2.89,1.86,-3.67,0.00,29.15,#N/A,1.42,30.78,0.22,-2.52,#N/A,#N/A,-2.31,-5.24,-2.80,3.39,6.27
03-Feb-12,-2.21,1.63,8.27,-0.21,-3.02,#N/A,1.04,#N/A,4.08,6.60,5.09,6.67,3.70,0.77,0.03,-4.38,#N/A,1.64,#N/A,-6.94,1.32,2.51,0.69,-5.58,0.49,2.41,4.97,3.71,2.10,-1.41,5.80,-4.21,-0.48,7.31,#N/A,3.15,2.46,5.50,5.66,#N/A,1.71,#N/A,1.31,1.17,0.35,-0.70,5.54,-1.13,-3.81,8.72,1.68,0.22,0.07,6.76,#N/A,3.26,6.92,5.17,2.15,#N/A,#N/A,4.99,-0.89,-4.41,8.26,9.95
10-Feb-12,-0.35,1.18,6.85,-2.28,4.92,#N/A,2.74,#N/A,2.25,-8.06,2.46,-10.80,2.38,-3.04,1.20,-3.50,#N/A,-3.03,#N/A,0.74,-0.46,-1.29,3.73,1.06,-2.91,15.19,4.11,4.13,-5.41,9.37,4.10,9.63,12.43,5.32,#N/A,1.02,-4.12,-2.37,4.76,#N/A,7.87,#N/A,1.22,15.94,1.59,5.69,5.45,1.77,-1.36,-1.83,-1.10,0.43,-2.33,2.89,#N/A,-3.60,-0.31,-2.69,-1.27,#N/A,#N/A,0.55,0.00,5.62,2.90,6.68
17-Feb-12,-2.17,0.84,1.94,-2.12,-2.34,#N/A,-3.14,#N/A,4.75,7.95,3.66,2.34,2.07,1.37,-7.87,0.24,#N/A,0.83,#N/A,0.49,16.90,6.23,2.31,0.33,3.07,-8.95,5.03,-1.89,-2.81,2.98,-2.24,1.04,-0.74,6.47,#N/A,-2.52,6.62,1.46,-10.51,#N/A,1.30,#N/A,-0.76,-1.39,-8.98,3.28,6.60,-5.17,6.87,0.58,2.81,2.14,3.25,-11.23,#N/A,0.56,6.81,0.11,0.67,#N/A,#N/A,0.67,0.72,-2.24,3.36,8.36
24-Feb-12,-0.10,-2.01,2.35,-4.60,1.87,#N/A,-4.94,#N/A,2.26,-8.46,-3.97,-0.41,-1.97,-5.03,-2.38,-4.61,#N/A,-0.38,#N/A,-5.54,-5.40,-5.51,-0.33,4.33,10.26,-7.59,3.19,-2.27,2.31,-5.97,4.14,-6.91,-2.99,-3.58,#N/A,-7.06,-4.06,-4.78,-6.03,#N/A,-4.11,#N/A,-0.73,-9.70,-0.19,0.04,-5.65,-8.53,-2.63,1.70,-0.38,-3.64,0.04,-2.02,#N/A,0.22,-6.23,1.02,-0.97,#N/A,#N/A,-2.40,-4.21,-3.72,0.50,-0.66
02-Mar-12,-1.65,2.40,1.25,1.02,-5.24,#N/A,-0.34,#N/A,9.14,9.83,-1.00,-1.46,1.88,1.83,0.54,2.32,#N/A,2.88,#N/A,2.32,2.14,2.01,0.40,-1.56,-2.45,-2.24,-2.80,0.09,2.58,-3.85,1.14,0.96,0.16,-2.85,#N/A,-0.56,4.21,-4.52,-9.86,#N/A,0.27,#N/A,0.57,2.01,0.70,4.84,0.07,0.13,0.35,1.47,-4.50,0.94,-3.24,1.92,#N/A,-2.67,1.23,3.37,-2.94,#N/A,#N/A,1.46,-2.91,-1.49,8.11,9.05
09-Mar-12,-5.30,1.70,2.01,-5.28,-4.70,#N/A,5.90,#N/A,4.57,-4.16,-4.67,-0.63,-0.78,3.00,-2.36,0.87,#N/A,1.52,#N/A,-1.45,-2.97,-3.06,-0.24,-1.70,-1.22,-0.57,-1.52,2.93,-4.39,-1.80,3.01,-1.68,-5.22,15.20,#N/A,-1.68,3.00,-5.79,-2.70,#N/A,2.67,#N/A,7.99,3.07,-5.95,1.34,-0.06,-6.59,0.05,8.20,-1.07,-2.59,-1.79,-7.01,#N/A,1.91,4.80,0.72,-1.01,#N/A,#N/A,0.53,-1.69,-1.51,4.92,1.02
16-Mar-12,4.10,-2.55,5.79,-1.48,0.58,#N/A,0.40,#N/A,7.41,-1.78,-10.36,0.43,1.28,-2.91,-1.90,-2.61,#N/A,-1.14,#N/A,-2.17,4.20,1.04,3.08,-0.94,1.89,-0.38,-1.62,-3.19,-1.65,2.65,-3.25,-3.11,0.81,0.15,#N/A,-1.14,-0.02,-2.79,0.46,#N/A,-2.34,#N/A,14.14,-5.32,4.78,-0.78,0.20,-0.97,0.52,-2.51,-0.92,0.66,0.08,2.54,#N/A,9.30,-0.59,-4.37,-3.89,#N/A,#N/A,5.35,6.95,-4.29,1.71,11.81
23-Mar-12,6.81,0.42,3.85,1.99,0.00,#N/A,4.18,#N/A,0.46,5.22,-1.79,-3.60,5.46,-1.80,-0.31,2.46,#N/A,-0.87,#N/A,1.76,3.32,-3.55,1.39,-0.05,1.28,1.16,1.84,0.15,4.88,-1.39,-0.63,-3.82,-2.04,-6.39,#N/A,1.53,1.47,-1.15,-7.44,#N/A,-9.33,#N/A,-0.71,0.90,2.89,-2.18,1.36,-3.49,-1.53,-0.74,0.68,-2.79,-1.17,3.18,#N/A,7.80,0.07,6.22,1.79,#N/A,#N/A,1.13,-0.11,0.32,2.15,3.93
30-Mar-12,1.44,1.04,-3.38,-1.42,-6.92,#N/A,0.79,#N/A,-6.93,-0.04,0.72,1.98,1.23,-1.22,1.06,3.18,#N/A,5.61,#N/A,0.51,-1.21,-2.95,5.57,2.53,2.53,1.14,-2.19,-0.58,-0.87,-2.01,0.65,-2.86,12.41,0.41,#N/A,-3.58,3.65,-4.07,10.19,#N/A,-7.94,#N/A,5.22,7.13,-8.99,5.34,-25.99,18.32,-0.64,0.31,-1.44,-3.55,3.58,-6.10,#N/A,-1.24,3.29,-1.63,-2.80,#N/A,#N/A,3.06,-3.40,-3.83,-1.75,-1.03
09-Apr-12,1.28,3.23,12.00,1.56,6.81,#N/A,-3.72,#N/A,9.12,-5.13,1.95,-0.65,-4.62,7.42,1.81,-1.06,#N/A,-0.72,#N/A,-0.32,5.73,1.05,-3.52,0.37,2.77,7.53,5.93,6.32,3.41,-0.41,-0.40,6.55,-3.53,-2.54,#N/A,2.74,1.68,3.03,2.18,#N/A,7.35,#N/A,1.82,-3.12,-8.16,2.16,-9.12,-5.02,0.68,-2.57,2.85,5.01,1.73,10.50,#N/A,-1.65,0.41,-1.76,1.94,#N/A,#N/A,0.21,3.71,9.63,1.17,10.40
13-Apr-12,8.19,9.02,0.41,0.35,-3.19,#N/A,-1.82,#N/A,5.55,3.24,-3.26,-1.30,-1.62,4.61,1.26,6.00,#N/A,-0.33,#N/A,3.08,15.97,4.00,-1.40,4.78,7.44,15.76,-2.93,1.00,1.62,2.89,1.86,7.60,-6.70,-4.12,#N/A,11.43,4.24,-2.94,#N/A,#N/A,-1.19,#N/A,3.35,-2.58,6.95,9.36,-3.06,4.57,3.39,-1.44,7.12,-2.38,-1.62,17.29,#N/A,-1.23,5.98,4.81,4.73,#N/A,#N/A,-1.56,4.01,-1.82,2.49,-5.84
20-Apr-12,4.75,0.35,6.98,2.06,0.30,#N/A,-0.67,#N/A,-4.12,14.34,3.15,0.88,1.69,1.65,2.28,3.81,#N/A,3.27,#N/A,0.68,10.38,4.22,2.83,-1.53,1.17,0.00,-3.28,-0.82,8.58,0.40,4.37,-1.86,2.64,-0.79,#N/A,1.03,-2.11,1.82,#N/A,#N/A,-2.41,#N/A,-1.05,11.45,1.89,0.92,0.59,-3.27,7.64,-1.20,-1.43,-1.53,4.49,-0.79,#N/A,-1.42,4.53,0.42,-0.88,#N/A,#N/A,3.64,3.30,-1.85,3.16,12.31
27-Apr-12,-2.35,-4.09,6.31,-0.29,0.60,#N/A,1.28,#N/A,-10.63,-4.47,-1.26,-0.22,0.86,8.84,-3.46,-0.53,#N/A,-0.90,#N/A,-3.71,-4.53,-4.42,-2.91,3.14,9.38,6.51,2.60,-4.21,1.22,-2.79,-2.42,-1.82,-2.38,7.69,#N/A,6.94,-1.96,-3.57,3.77,#N/A,-5.25,#N/A,15.77,-12.06,-0.21,-5.01,2.08,-3.31,-1.39,-2.26,-6.57,-0.31,-1.94,-0.17,#N/A,1.18,0.22,1.48,-6.08,#N/A,#N/A,2.62,-2.75,-0.94,-1.00,2.01
04-May-12,-0.70,-3.46,-6.86,-0.92,-3.86,#N/A,1.19,#N/A,-6.19,-5.31,-2.49,-3.28,0.33,-7.63,4.90,3.61,#N/A,-1.83,#N/A,-0.51,-4.95,-2.95,-1.91,3.47,-3.78,3.84,-1.88,3.41,-1.46,0.41,5.55,-0.59,-0.53,#N/A,#N/A,-6.65,2.15,-1.85,-14.23,#N/A,-1.30,#N/A,-7.35,-2.25,-7.55,-6.97,-4.24,-0.46,-5.92,1.26,-2.34,-10.73,-5.30,0.57,#N/A,0.37,3.65,0.54,0.07,#N/A,#N/A,-0.11,-7.06,-3.49,-6.10,0.07
11-May-12,-3.75,-4.60,3.67,-3.50,-1.54,#N/A,4.37,#N/A,-7.91,-9.34,-5.27,-3.16,4.34,-8.44,-1.94,-4.41,#N/A,-4.96,#N/A,-2.97,-3.04,-2.21,-4.02,2.28,-3.04,2.46,0.74,-3.86,-0.38,-1.23,-2.05,-4.40,-1.73,#N/A,#N/A,-4.24,-6.16,-5.03,3.28,#N/A,-4.29,#N/A,-5.63,2.30,1.41,-5.87,-2.04,-7.88,-0.15,-0.03,-1.03,-3.31,-2.94,-3.95,#N/A,3.00,0.42,-5.17,-5.93,#N/A,#N/A,4.11,-0.64,-5.92,-2.04,-4.26
18-May-12,-3.16,-3.46,2.38,-1.09,-3.13,#N/A,-2.82,#N/A,1.98,-1.05,-2.35,-1.86,2.66,0.98,-0.93,10.93,#N/A,-0.07,#N/A,1.46,-6.43,-5.92,-0.04,-3.36,-1.19,-0.40,-2.10,0.22,-87.07,1.45,-4.57,-2.73,5.11,-18.46,#N/A,-2.12,3.99,-3.97,1.92,#N/A,1.03,#N/A,-3.53,-8.09,4.98,-1.56,2.43,-0.50,-4.16,-5.01,-1.11,1.44,1.85,-6.12,#N/A,1.69,1.20,2.12,4.58,#N/A,#N/A,-7.71,-0.04,-3.15,-2.98,-1.10
25-May-12,-4.35,0.67,12.41,0.92,2.27,#N/A,1.72,#N/A,4.16,8.10,0.23,1.43,-5.26,-0.97,-2.15,4.03,#N/A,1.93,#N/A,7.73,7.73,6.94,-2.79,4.81,4.87,0.54,3.30,-0.07,-1.18,-2.65,-2.23,-0.24,-2.92,-3.00,#N/A,1.81,-0.79,0.69,-0.82,#N/A,0.68,#N/A,15.69,-1.71,1.54,3.73,-5.97,-1.37,-2.20,-0.05,-1.20,3.91,-2.07,0.25,#N/A,8.58,-2.76,-1.85,2.74,#N/A,#N/A,1.04,-0.42,0.72,6.07,14.17
28-May-12,3.07,-1.18,4.37,1.81,-1.27,#N/A,4.46,#N/A,4.53,0.26,0.88,0.94,0.99,0.00,1.21,-1.02,#N/A,0.24,#N/A,3.22,1.89,1.10,0.63,0.10,-0.89,0.00,-2.27,0.07,-5.78,-2.73,0.33,-0.64,0.11,2.38,#N/A,-3.02,-0.09,0.68,2.98,#N/A,0.00,#N/A,-1.37,1.74,0.89,5.22,0.99,1.90,0.92,6.90,0.00,-1.71,0.19,1.19,#N/A,-0.19,-1.70,-0.27,1.27,#N/A,#N/A,-2.06,-0.38,1.79,1.17,4.21
29-May-12,1.68,-0.16,4.94,7.90,0.64,#N/A,2.32,#N/A,0.13,-5.64,1.49,5.80,-2.65,2.75,-0.69,-1.38,#N/A,0.27,#N/A,-3.12,3.90,2.02,-0.57,1.53,0.05,0.53,-1.57,-0.13,0.63,-0.43,-3.64,-2.10,-0.67,-0.81,#N/A,4.58,-0.23,0.00,-3.46,#N/A,2.03,#N/A,-1.84,-0.73,3.13,-1.37,-0.65,-2.08,-1.08,-2.69,-0.66,3.13,-0.83,-2.84,#N/A,-0.23,1.54,-0.68,3.42,#N/A,#N/A,-1.13,-0.11,-1.41,-0.58,-0.46
30-May-12,-0.76,-1.49,5.13,13.49,0.32,#N/A,-4.06,#N/A,-2.65,-2.04,-0.86,0.88,-0.08,-3.82,-1.42,0.42,#N/A,-0.97,#N/A,-1.64,-8.73,-3.53,1.42,0.15,0.26,-4.51,1.00,-0.61,-0.72,-0.43,1.69,0.66,-0.81,5.04,#N/A,-2.45,-0.39,-2.04,-4.33,#N/A,-1.00,#N/A,-0.76,-0.74,0.59,2.09,-0.96,-1.03,-2.06,-1.26,-0.30,-0.67,0.18,2.86,#N/A,0.42,1.36,2.76,-1.15,#N/A,#N/A,-1.33,-1.34,-1.79,-0.04,0.11
31-May-12,0.48,-1.95,-15.64,-1.21,-2.22,#N/A,2.54,#N/A,-4.12,0.83,0.55,-3.91,-0.16,-0.40,1.08,0.55,#N/A,0.36,#N/A,-3.65,0.19,-1.30,-0.46,-0.50,0.37,-4.72,-3.37,0.46,-0.63,3.04,3.88,2.05,-1.04,1.12,#N/A,3.95,1.96,1.39,7.05,#N/A,0.67,#N/A,-2.24,0.00,-2.82,0.08,-2.30,-0.67,-3.30,0.52,-1.90,-3.14,0.60,-3.40,#N/A,-0.94,-0.19,-2.37,0.84,#N/A,#N/A,0.00,-0.04,-0.36,-0.90,-0.64
01-Jun-12,-1.04,1.22,1.14,-3.78,0.00,#N/A,-3.74,#N/A,-2.76,-3.85,-3.38,-0.23,-0.58,#N/A,-0.36,-2.82,#N/A,-2.40,#N/A,0.90,-1.40,-1.58,-1.61,-2.41,-0.10,0.29,0.66,-0.07,-1.73,-3.16,0.28,-1.69,-1.23,-4.97,#N/A,-5.87,-0.28,-2.74,#N/A,#N/A,-0.33,#N/A,-5.41,-3.97,-1.28,-0.65,-1.83,-0.30,0.48,0.45,-0.83,1.75,-0.47,-4.99,#N/A,-2.55,0.24,0.24,-2.94,#N/A,#N/A,-0.93,-2.28,1.09,-1.75,0.65
08-Jun-12,0.00,3.02,-1.08,2.60,-0.32,#N/A,3.67,#N/A,2.98,1.43,2.58,0.00,1.08,#N/A,0.21,3.28,#N/A,-1.73,#N/A,-0.83,-1.80,3.36,0.31,5.42,-0.58,2.76,-5.46,-0.35,5.83,-2.83,-0.82,2.21,3.87,8.59,#N/A,0.00,1.52,1.41,#N/A,#N/A,3.01,#N/A,1.93,4.65,-1.37,-3.32,-2.59,14.82,1.33,1.78,2.13,1.89,1.44,18.18,#N/A,-0.68,2.73,2.63,-1.64,#N/A,#N/A,1.91,4.00,-2.53,1.79,8.22
15-Jun-12,17.70,0.54,-4.02,-0.80,1.95,#N/A,-4.56,#N/A,-3.04,2.30,-0.18,-1.13,-1.51,-4.39,-0.18,-1.51,#N/A,-2.53,#N/A,-1.28,1.02,-0.25,1.45,-0.50,17.01,-5.94,5.94,4.02,-6.21,-3.36,0.75,-1.20,2.78,3.42,#N/A,-4.59,-5.96,-2.08,-6.96,#N/A,0.00,#N/A,-2.26,-1.48,4.51,-2.38,-5.63,-4.43,-0.55,10.03,-0.37,2.28,0.05,-4.05,#N/A,1.75,0.69,1.78,-10.29,#N/A,#N/A,-1.43,-2.63,-1.41,-0.35,-2.54
22-Jun-12,-2.44,-2.63,10.94,6.97,0.96,#N/A,-1.67,#N/A,3.21,0.14,6.32,0.46,8.15,-0.57,1.64,3.15,#N/A,0.09,#N/A,0.97,6.69,0.55,-0.45,-1.67,-1.08,1.05,#N/A,1.10,2.70,6.50,1.93,-1.38,-4.65,3.52,#N/A,-2.88,2.53,0.71,9.03,#N/A,2.27,#N/A,1.21,-2.26,5.25,0.16,2.06,2.18,3.85,6.42,0.19,3.31,3.35,6.89,#N/A,-4.18,5.96,2.44,9.61,#N/A,#N/A,-1.43,0.55,0.68,-4.21,2.79
29-Jun-12,0.00,2.90,4.64,-0.66,-1.90,#N/A,-1.18,#N/A,-0.13,0.83,2.37,3.88,-1.64,-0.77,0.86,7.67,#N/A,4.26,#N/A,0.26,10.62,1.05,0.57,0.99,10.92,4.17,#N/A,14.98,0.54,-1.31,3.14,4.43,0.74,2.10,#N/A,4.16,2.36,-1.41,-1.79,#N/A,13.33,#N/A,-8.80,1.28,1.07,-0.08,3.83,-1.87,2.71,2.10,0.62,1.60,-0.67,19.44,#N/A,0.81,-0.95,4.41,0.20,#N/A,#N/A,0.08,-1.01,15.45,0.72,7.34
06-Jul-12,0.63,2.04,0.80,7.27,6.13,#N/A,4.48,#N/A,2.41,5.09,0.51,21.76,-0.25,-1.55,3.63,-0.35,#N/A,-0.98,#N/A,2.89,-5.53,3.25,0.31,3.99,1.85,7.00,-0.43,-5.39,0.90,-0.22,2.28,3.30,-2.45,2.45,#N/A,-0.76,1.41,30.71,18.62,#N/A,18.21,#N/A,0.76,4.05,3.25,1.77,3.95,7.62,-0.01,-1.55,5.77,0.39,0.87,6.70,#N/A,-3.52,-1.57,-0.16,0.07,#N/A,#N/A,1.98,5.50,19.59,-0.01,-5.11
13-Jul-12,0.87,-2.05,0.29,3.65,-4.56,#N/A,-1.78,#N/A,-3.97,-2.86,2.58,9.39,1.51,3.54,0.30,2.22,#N/A,0.81,#N/A,-2.87,-1.68,-3.58,0.68,1.18,5.72,8.41,3.91,-2.17,-4.20,9.73,2.08,7.69,-2.89,1.24,#N/A,-1.34,1.44,-2.19,1.47,#N/A,-6.40,#N/A,2.16,-0.73,2.00,-3.11,-1.37,-5.12,-0.60,-2.73,0.69,31.53,0.66,-4.40,#N/A,2.37,4.41,-2.80,6.37,#N/A,#N/A,4.62,1.83,7.57,-0.65,3.11
20-Jul-12,-3.00,-0.53,3.36,-3.14,-2.23,#N/A,-1.66,#N/A,-1.01,-3.52,0.08,1.65,13.31,8.94,-0.73,3.45,#N/A,-2.14,#N/A,3.40,4.77,-1.53,2.14,0.41,13.75,2.71,1.61,2.22,6.07,-3.63,4.77,1.63,1.07,1.23,#N/A,-2.14,2.57,-3.35,-7.55,#N/A,-4.30,#N/A,0.74,-4.17,14.40,-2.74,1.71,1.13,2.63,0.58,-1.78,-5.90,-0.37,1.23,#N/A,1.54,-1.51,1.34,-4.14,#N/A,#N/A,0.20,-0.77,10.80,0.57,1.38
27-Jul-12,1.23,-1.67,0.03,-3.07,-3.26,#N/A,0.11,#N/A,-12.21,-6.42,-5.18,6.98,-2.48,5.93,0.02,-1.64,#N/A,0.61,#N/A,1.18,-4.07,-2.66,2.22,-0.77,-14.67,-3.60,-7.16,-1.50,-3.79,-3.35,-0.13,-5.42,-7.73,-3.45,#N/A,-0.79,-0.41,-4.62,#N/A,#N/A,-8.47,#N/A,-2.33,-7.42,-6.32,-4.55,-3.51,-3.49,-0.60,1.49,2.62,-5.70,1.06,-7.21,#N/A,1.84,-6.37,0.85,-2.86,#N/A,#N/A,3.63,10.10,5.22,0.01,-0.35
03-Aug-12,5.27,4.41,3.45,2.53,13.80,#N/A,-0.34,#N/A,2.63,11.94,5.21,6.37,4.21,0.49,7.17,4.96,#N/A,3.14,#N/A,0.43,5.84,1.65,-1.09,7.54,17.74,2.86,0.70,10.86,10.43,-4.11,4.66,7.65,6.12,10.04,#N/A,15.20,2.52,-7.88,#N/A,#N/A,13.01,#N/A,2.45,3.59,6.14,3.69,0.32,1.37,-0.72,3.65,1.14,1.41,-0.23,5.15,#N/A,4.78,6.11,4.71,7.39,#N/A,#N/A,0.71,0.94,1.08,-0.64,9.65
10-Aug-12,6.47,1.93,-50.48,-3.00,-9.76,#N/A,-1.17,#N/A,0.94,-9.08,-0.80,-3.28,-2.56,-6.23,-0.03,0.87,#N/A,-1.56,#N/A,3.85,-3.92,0.71,0.11,0.46,-7.00,3.02,20.55,-6.74,-6.63,#N/A,-1.23,-10.25,-1.20,2.89,#N/A,-10.07,0.12,1.97,#N/A,#N/A,-4.60,#N/A,0.95,-5.87,14.12,-1.90,-1.41,-0.40,3.37,0.20,-0.23,-3.25,0.33,4.71,#N/A,-1.68,5.53,2.36,-1.66,#N/A,#N/A,1.34,0.73,2.35,-2.00,17.80
17-Aug-12,4.36,2.38,3.18,-1.59,-1.97,#N/A,1.91,#N/A,0.95,-0.29,2.41,-1.03,0.13,0.70,1.43,4.19,#N/A,1.47,#N/A,2.47,3.14,0.50,-0.67,1.21,5.27,-6.81,-9.21,-1.38,4.70,#N/A,-0.65,1.29,-2.22,10.74,#N/A,5.60,-1.75,-2.58,#N/A,#N/A,-3.75,#N/A,0.62,3.97,16.53,0.00,-4.04,2.77,0.38,-2.89,-0.55,0.00,-1.07,4.37,#N/A,3.18,3.81,-2.21,-1.04,#N/A,#N/A,0.56,16.11,0.42,-0.07,9.08
24-Aug-12,-3.86,0.73,10.64,5.45,10.70,#N/A,1.53,#N/A,14.96,8.75,0.99,14.16,0.26,1.39,3.40,0.68,#N/A,0.55,#N/A,-1.89,8.96,-5.97,0.29,-1.61,6.20,-7.81,1.35,3.59,9.24,#N/A,1.67,2.03,-1.55,-1.85,#N/A,-4.20,1.86,1.32,#N/A,#N/A,-3.34,#N/A,-3.45,14.44,-5.92,1.96,-13.67,0.53,-1.09,-3.11,1.27,6.85,-0.42,3.84,#N/A,8.06,4.55,0.72,-1.44,#N/A,#N/A,2.32,-2.92,1.04,-2.12,-2.46
31-Aug-12,1.30,1.14,-2.13,-5.08,-5.14,#N/A,-0.90,#N/A,0.27,-1.03,3.41,-3.92,4.40,14.90,3.07,-2.36,#N/A,0.36,#N/A,-1.35,-4.92,-2.14,0.99,8.05,11.54,-10.11,-5.65,-0.06,7.91,-9.32,6.33,-1.99,22.64,18.67,#N/A,0.38,1.99,-3.92,#N/A,#N/A,-1.44,#N/A,2.73,3.57,-5.83,-0.68,-2.79,0.00,2.21,-3.09,-1.53,-0.19,0.02,-11.27,#N/A,-4.22,-2.87,0.47,-2.79,#N/A,#N/A,1.38,-0.06,-13.55,-0.69,-3.44
07-Sep-12,10.24,-0.88,-2.06,11.81,-1.27,#N/A,2.57,#N/A,-5.67,11.25,4.55,7.61,-2.27,12.67,0.66,-0.08,#N/A,0.68,#N/A,3.80,-0.78,3.00,-1.16,-3.49,13.25,6.38,-0.71,18.24,-1.37,35.84,1.07,-0.98,0.75,5.62,#N/A,-0.38,2.69,0.00,3.36,#N/A,2.63,#N/A,-2.04,-7.82,26.27,-2.26,5.90,-2.49,1.77,-1.54,4.04,-4.88,-1.05,9.95,#N/A,1.25,6.85,-0.63,-1.98,#N/A,#N/A,-2.26,8.27,-5.23,-1.80,9.57
14-Sep-12,5.43,1.47,5.64,-0.37,3.87,#N/A,4.79,#N/A,-0.19,2.40,-1.11,3.79,0.12,33.47,-3.03,-3.95,#N/A,2.91,#N/A,4.34,4.06,2.12,-0.14,-2.44,10.36,-6.86,11.35,-0.37,3.94,-7.01,0.73,4.10,8.28,-0.63,#N/A,5.92,-5.60,3.40,0.83,#N/A,6.84,#N/A,8.53,0.50,-2.87,0.89,1.56,91.48,-0.42,-2.47,1.35,5.47,7.33,13.76,#N/A,2.25,2.26,2.03,7.39,#N/A,#N/A,0.67,1.97,-9.27,1.93,-0.42
21-Sep-12,-3.44,-0.56,-1.75,-5.97,-0.31,#N/A,1.14,#N/A,-4.17,3.33,2.57,-2.19,-4.01,-8.33,-2.10,-2.90,#N/A,-5.87,#N/A,-3.23,-4.21,5.60,-5.54,0.91,-9.84,0.92,-11.51,0.52,-0.91,9.33,-3.71,0.29,-3.52,-10.71,#N/A,-3.96,1.44,1.97,0.30,#N/A,-0.80,#N/A,-0.44,-0.50,-3.39,-2.25,-2.55,-18.33,-4.07,0.50,-1.63,0.00,-0.41,1.61,#N/A,-5.27,-1.20,-1.26,4.48,#N/A,#N/A,-3.20,3.79,-3.04,-4.65,-6.77
28-Sep-12,3.01,-0.11,-2.05,1.94,-1.87,#N/A,6.35,#N/A,-2.73,8.75,-0.22,8.58,1.38,3.89,5.33,0.43,#N/A,0.23,#N/A,1.08,3.10,1.23,0.15,0.51,-6.43,-3.65,-19.64,14.42,-1.63,-5.63,12.79,7.27,3.47,-40.90,#N/A,-2.25,2.19,1.94,#N/A,#N/A,-0.81,#N/A,-2.40,-3.99,-1.38,0.29,-0.04,0.26,1.99,-1.69,0.44,1.66,3.19,3.97,#N/A,6.76,-1.38,3.59,-0.56,#N/A,#N/A,3.11,-0.08,5.70,2.83,3.91
05-Oct-12,-3.08,-1.17,-6.17,-0.52,3.17,#N/A,6.51,#N/A,-0.75,-2.33,-0.44,-5.50,-5.89,2.19,-4.32,1.36,#N/A,2.79,#N/A,-4.20,-1.74,0.63,-1.66,-4.94,1.23,8.36,-7.78,-2.22,-3.53,10.19,-8.29,2.10,0.47,0.36,#N/A,0.00,-4.63,20.89,#N/A,#N/A,2.71,#N/A,2.68,0.52,6.74,0.31,6.48,0.21,-2.89,1.56,-0.42,0.76,-4.37,10.37,#N/A,-3.56,-2.90,-1.37,6.38,#N/A,#N/A,-0.99,-8.40,2.16,-3.65,-1.24
12-Oct-12,0.52,-4.15,-0.60,0.35,-0.92,#N/A,-2.46,#N/A,-3.53,15.39,-1.01,3.15,2.53,8.15,-0.08,4.12,#N/A,-0.34,#N/A,-1.34,0.20,1.59,0.98,4.92,3.04,-2.91,-4.07,-0.51,0.00,-8.20,2.99,-7.37,1.22,-3.80,#N/A,0.58,-0.41,-15.71,-8.43,#N/A,-1.58,#N/A,2.09,-0.26,4.04,0.15,-4.45,-4.70,-1.64,-0.98,-0.71,-5.06,-1.24,2.83,#N/A,0.34,3.46,4.53,25.32,#N/A,#N/A,-3.15,-2.87,3.17,0.37,11.03
19-Oct-12,8.99,-2.16,-4.00,1.30,-2.17,#N/A,-0.50,#N/A,2.53,-1.82,-1.18,-4.70,1.08,3.20,-1.31,-1.17,#N/A,0.80,#N/A,3.14,-2.63,-1.09,1.60,-4.90,-1.86,-0.90,2.75,6.05,-3.58,-2.28,0.63,-1.36,6.09,-1.48,#N/A,-0.19,0.87,0.62,4.13,#N/A,0.54,#N/A,-1.08,2.33,-1.19,0.09,-3.87,-0.63,0.24,1.56,-0.54,-1.18,-1.45,4.80,#N/A,0.28,2.34,-2.85,-4.74,#N/A,#N/A,1.11,8.07,-4.09,-2.20,0.93
26-Oct-12,2.99,-1.02,9.76,-1.71,-2.54,#N/A,4.50,#N/A,-1.51,2.01,-3.37,-2.34,1.87,0.36,-1.07,2.94,#N/A,-1.88,#N/A,-1.38,-1.33,-1.82,-0.07,-0.54,1.23,4.69,1.22,1.18,-3.17,-2.33,-1.70,-0.15,-0.92,-5.52,#N/A,2.29,-0.93,-3.70,2.62,#N/A,-5.60,#N/A,-1.63,-8.86,13.90,0.01,-1.26,-3.25,-1.90,4.52,1.57,-2.73,0.57,-3.18,#N/A,-1.77,-1.16,-1.42,-0.30,#N/A,#N/A,1.16,-1.73,1.07,-2.08,0.84
02-Nov-12,14.19,-1.01,-5.61,-1.83,0.98,#N/A,-2.67,#N/A,-2.49,6.50,6.89,4.80,-0.23,24.36,6.16,2.90,#N/A,6.08,#N/A,1.86,0.44,0.98,0.25,7.71,-2.18,-4.05,-2.93,0.37,1.20,1.20,3.21,6.11,-0.82,-1.46,#N/A,17.76,2.24,0.00,-8.03,#N/A,0.85,#N/A,-0.97,5.00,8.21,-0.33,-0.92,-2.10,-2.20,-0.37,-2.06,-2.74,2.16,-2.86,#N/A,1.79,-0.56,1.83,-3.95,#N/A,#N/A,-1.25,2.16,-4.22,2.82,5.18
09-Nov-12,13.12,0.48,-6.64,4.21,1.61,#N/A,5.13,#N/A,-4.52,-0.09,6.88,2.29,-2.20,4.02,4.34,-2.15,#N/A,-0.14,#N/A,1.37,#N/A,0.05,-0.09,-0.83,-1.21,8.58,2.49,-4.25,4.89,-1.57,-8.17,5.83,-6.00,2.70,#N/A,13.02,0.80,-3.21,3.17,#N/A,-2.80,#N/A,5.67,9.26,-0.92,-0.50,0.36,1.24,-1.41,-4.91,-1.11,2.82,-3.39,-9.00,#N/A,1.61,-3.38,-0.38,-3.80,#N/A,#N/A,-0.94,-3.23,20.39,1.52,7.40
16-Nov-12,-3.06,-1.14,0.95,11.18,-0.95,#N/A,3.67,#N/A,-5.80,4.05,-1.00,-2.47,-3.04,13.21,-3.41,0.11,#N/A,-0.62,#N/A,0.11,#N/A,-1.89,-0.41,1.78,-7.41,6.80,2.37,0.96,2.71,-3.80,0.09,11.59,0.21,-4.46,#N/A,4.92,-1.41,13.91,-1.92,#N/A,-2.02,#N/A,3.47,2.66,-9.18,0.55,-8.35,-0.28,-1.43,0.77,-0.15,0.00,-2.43,17.76,#N/A,-0.86,7.47,-2.22,-0.48,#N/A,#N/A,-0.92,-2.24,-8.47,-2.89,6.70
23-Nov-12,1.85,-0.66,0.64,-3.29,0.32,#N/A,1.70,#N/A,-3.81,-2.54,-5.13,-3.38,0.13,-7.51,0.36,0.08,#N/A,-0.95,#N/A,-6.03,-3.34,-1.33,0.50,2.32,-2.59,-11.56,11.74,0.96,-0.07,-0.42,3.54,-7.02,-5.11,-1.79,#N/A,10.98,-2.62,20.93,-1.49,#N/A,-3.24,#N/A,4.38,-5.42,-11.38,-1.72,-12.09,2.83,0.08,2.72,-3.75,0.07,0.85,-0.96,#N/A,7.63,5.32,3.87,3.11,#N/A,#N/A,-3.88,-1.48,-9.25,-2.47,-2.12
30-Nov-12,-1.34,2.44,3.17,4.31,0.64,#N/A,-3.76,#N/A,12.71,8.95,3.32,-1.75,1.92,0.47,8.53,0.42,#N/A,4.73,#N/A,5.10,-2.45,12.24,2.37,-1.54,6.01,1.91,1.92,3.34,-1.03,-1.25,3.29,5.81,4.51,3.92,#N/A,8.69,5.46,20.19,2.87,#N/A,5.47,#N/A,3.93,1.00,11.83,2.63,7.78,8.44,4.31,2.33,5.14,12.32,6.58,7.95,#N/A,-2.70,16.06,0.62,24.73,#N/A,#N/A,4.85,7.66,9.09,3.91,-5.93
07-Dec-12,-3.76,-1.59,3.61,-2.58,2.54,#N/A,-1.08,#N/A,-3.66,2.34,-0.16,0.38,1.07,-0.87,-0.92,0.70,#N/A,0.85,#N/A,-0.57,2.74,-2.76,0.58,2.52,3.62,-2.16,3.67,1.14,-2.59,-1.48,1.09,2.71,13.53,-1.21,#N/A,0.33,1.37,26.80,-4.80,#N/A,8.93,#N/A,2.43,5.93,9.20,0.27,-4.53,-1.23,-2.52,5.78,3.07,2.38,-4.98,-3.14,#N/A,1.15,-2.27,-1.44,-0.67,#N/A,#N/A,3.80,2.14,-4.04,1.73,4.98
14-Dec-12,-0.55,1.90,-1.93,-0.43,-0.93,#N/A,0.53,#N/A,-3.15,-4.70,-0.14,-4.69,1.72,-1.35,-1.50,-4.41,#N/A,-0.25,#N/A,-0.92,-3.68,-0.18,0.08,6.60,-5.36,0.29,-1.48,-1.05,-0.23,-0.64,4.98,-1.90,-5.99,-1.09,#N/A,-2.99,0.94,19.87,-4.07,#N/A,-2.65,#N/A,2.99,-6.29,-4.66,-1.12,2.03,-2.18,2.84,6.34,-0.40,-2.32,2.82,17.86,#N/A,-0.43,-6.70,2.44,9.12,#N/A,#N/A,-3.18,-2.81,-4.74,-3.57,-6.42
21-Dec-12,-2.94,-0.31,-0.36,-1.95,2.81,#N/A,-1.97,#N/A,-1.75,4.91,-1.87,-0.93,3.38,-4.17,3.68,-4.64,#N/A,-0.74,#N/A,2.26,-1.04,5.23,0.65,4.76,-6.16,-1.76,-2.67,1.78,-1.45,0.65,0.57,4.22,-4.23,-2.34,#N/A,3.53,-0.84,20.53,1.69,#N/A,-7.61,#N/A,0.38,7.21,-16.25,-0.01,1.95,3.28,-0.98,-2.53,1.22,3.60,3.47,8.61,#N/A,-0.03,7.68,1.85,2.43,#N/A,#N/A,1.65,-0.50,3.31,1.10,-1.16
28-Dec-12,3.82,1.02,-0.26,0.48,0.00,#N/A,-0.79,#N/A,-4.23,-0.83,1.21,11.01,1.27,0.36,-0.60,-0.10,#N/A,0.37,#N/A,6.17,2.61,0.96,2.39,7.16,-1.79,4.48,-0.05,4.55,1.31,5.36,7.05,2.70,3.39,-1.27,#N/A,-0.55,2.29,-17.90,0.00,#N/A,2.94,#N/A,-3.14,-2.55,-8.28,-0.02,-1.02,-3.14,2.72,-1.55,0.38,0.00,-1.12,-1.38,#N/A,-3.57,-3.35,1.16,0.49,#N/A,#N/A,5.31,-1.44,3.21,-0.75,-0.63
04-Jan-13,5.50,0.45,1.42,9.28,8.81,#N/A,2.14,#N/A,4.34,5.69,2.66,3.99,-1.19,10.01,-0.10,2.87,#N/A,3.38,#N/A,1.81,0.96,-1.04,1.55,-1.99,0.69,2.72,1.40,-1.29,-4.73,2.04,-3.04,0.11,3.36,2.71,#N/A,14.95,-1.48,7.45,3.00,#N/A,10.00,#N/A,2.74,4.05,4.87,1.89,5.36,-1.53,-1.55,4.56,3.09,-2.29,2.85,1.97,#N/A,-0.34,-0.14,-0.48,6.25,#N/A,#N/A,1.78,1.25,3.63,0.58,5.77
11-Jan-13,3.79,-0.37,2.02,1.34,-4.75,#N/A,-1.41,#N/A,2.72,-8.48,-2.90,-3.14,-3.35,15.36,1.30,-4.06,#N/A,0.28,#N/A,-4.61,-0.31,-3.66,1.11,-2.52,0.75,4.46,4.33,-2.56,-1.68,-2.00,-3.19,-4.70,-4.17,-0.56,#N/A,9.44,-2.68,-10.64,2.75,#N/A,-2.08,#N/A,-2.73,-7.78,-7.71,-0.29,-3.71,-2.18,-0.18,1.73,-0.38,-3.67,-1.25,-5.95,#N/A,-1.58,-4.23,0.56,-6.41,#N/A,#N/A,2.92,8.83,2.75,0.10,2.32
18-Jan-13,1.07,-2.23,2.30,-4.73,-2.93,#N/A,-0.40,#N/A,-0.69,4.36,-0.44,-5.64,2.27,-0.78,-2.80,-1.21,#N/A,-0.19,#N/A,2.80,-0.06,-0.72,0.63,-0.77,-2.70,12.67,14.62,-0.23,1.14,-1.22,5.24,-0.29,-1.89,-1.54,#N/A,-5.28,0.03,-9.97,-1.57,#N/A,-7.69,#N/A,2.13,-2.98,-0.81,-1.16,-2.64,-3.68,0.44,0.51,-0.37,-1.50,-0.41,0.05,#N/A,-0.37,8.05,-3.52,-4.85,#N/A,#N/A,-3.19,-6.78,-5.11,-0.50,-1.12
25-Jan-13,-3.16,-0.85,33.36,-4.96,-0.91,#N/A,-2.23,#N/A,-4.65,-2.75,-4.94,-1.91,-1.38,-5.41,-2.80,-1.20,#N/A,2.77,#N/A,-0.85,-5.55,0.32,-5.79,1.16,-16.18,0.24,8.11,-7.89,1.53,1.03,-2.76,-0.92,-2.65,-4.69,#N/A,-19.89,1.96,-8.31,0.00,#N/A,-2.59,#N/A,0.40,-5.88,1.02,-6.01,-16.77,2.64,-1.91,-4.29,0.34,-1.02,-4.04,-15.37,#N/A,-1.19,-6.11,1.86,-9.92,#N/A,#N/A,2.22,-0.42,-3.33,-2.30,-1.60
01-Feb-13,-0.18,-0.43,10.75,-2.25,5.49,#N/A,4.68,#N/A,-1.37,2.48,5.12,-0.26,-1.16,6.62,3.89,2.69,#N/A,0.21,#N/A,-0.38,-0.37,-1.14,-1.26,0.11,-5.52,7.67,-2.59,4.63,-1.43,0.00,-1.62,-0.46,1.29,-2.53,#N/A,-14.50,1.59,16.44,-5.60,#N/A,-2.36,#N/A,-0.92,-5.98,2.10,0.59,-8.64,18.89,0.00,2.33,-3.96,3.27,3.14,-3.08,#N/A,-2.41,3.43,-0.87,1.98,#N/A,#N/A,-6.62,-1.11,0.27,0.89,8.74
08-Feb-13,-1.14,-2.87,-3.72,-3.68,-3.76,#N/A,3.40,#N/A,-9.73,-4.32,1.35,-1.95,-7.70,-3.19,-7.92,-3.14,#N/A,-4.63,#N/A,-0.38,-1.62,-5.06,2.61,-4.36,-8.59,-12.72,-5.90,-10.56,-1.93,0.00,-2.17,-2.04,-3.75,-5.81,#N/A,-1.49,-1.79,7.49,4.07,#N/A,3.02,#N/A,-0.64,-0.29,-8.60,0.61,-15.23,-0.08,-0.76,-2.18,-3.67,-18.06,-0.44,-11.62,#N/A,-3.53,-11.45,3.37,-2.88,#N/A,#N/A,-1.41,-4.39,-2.65,-1.51,-0.23
15-Feb-13,-9.52,-1.20,-5.93,-14.99,0.00,#N/A,-1.39,#N/A,-3.57,0.71,-1.70,-8.75,-5.14,-11.32,0.26,0.53,#N/A,-2.07,#N/A,0.00,-12.67,-1.74,0.08,1.07,-6.92,-8.92,-4.36,-1.62,-0.66,2.04,-3.41,-4.40,-0.42,-6.82,#N/A,-5.37,-1.92,-2.41,-17.43,#N/A,-4.40,#N/A,-8.64,-1.45,-11.41,-4.89,-11.23,-4.22,-4.31,3.99,0.42,-13.18,1.37,2.58,#N/A,1.30,1.26,5.65,1.51,#N/A,#N/A,2.05,-1.57,-6.52,-0.32,0.86
22-Feb-13,1.97,0.65,9.29,2.17,-0.90,#N/A,-3.36,#N/A,-8.74,-2.22,2.46,-3.63,3.32,-3.00,-0.43,1.05,#N/A,-0.22,#N/A,1.25,2.73,-0.89,0.12,2.53,7.30,-5.79,#N/A,3.31,3.55,-2.00,2.07,2.62,-0.30,1.39,#N/A,1.02,2.21,7.97,1.58,#N/A,-0.61,#N/A,4.87,1.47,-2.10,1.54,-1.00,22.62,-0.93,0.23,4.51,2.88,0.36,1.24,#N/A,-5.23,7.18,3.21,3.45,#N/A,#N/A,-0.17,-0.80,2.33,-1.72,8.47
01-Mar-13,-5.76,-1.19,4.40,-3.82,-4.55,#N/A,3.07,#N/A,-15.74,-11.31,-4.28,-7.54,-1.11,-8.46,-2.85,-0.75,#N/A,-4.21,#N/A,-2.31,-0.64,-0.50,-0.26,-1.81,-6.31,-4.69,#N/A,-5.17,-0.32,3.88,4.22,-1.52,-15.17,-14.43,#N/A,-14.27,-0.68,-3.31,-11.75,#N/A,-6.17,#N/A,-3.78,-5.80,-5.00,-2.18,-11.44,-8.79,-2.66,-2.95,-4.98,-7.55,0.00,-2.91,#N/A,-0.73,-15.98,-1.42,-8.15,#N/A,#N/A,-1.60,-3.13,-8.24,-8.83,-0.19
08-Mar-13,-0.13,1.60,7.53,6.99,8.57,#N/A,3.53,#N/A,-16.07,2.68,-1.06,2.77,-3.21,6.38,5.93,-0.40,#N/A,4.67,#N/A,1.76,1.29,0.00,1.01,1.40,6.64,0.00,-0.48,-2.16,0.16,-1.77,2.26,2.40,7.41,-6.22,#N/A,1.01,1.49,5.53,2.53,#N/A,2.63,#N/A,3.18,6.15,7.16,-2.45,4.84,7.04,0.25,3.89,2.14,-2.75,-0.44,-0.25,#N/A,0.77,5.25,2.31,3.13,#N/A,#N/A,0.77,5.54,0.31,1.58,7.12
15-Mar-13,-0.21,-3.21,0.90,-6.02,2.34,#N/A,-5.70,#N/A,-4.71,-2.85,0.24,-5.08,0.16,-7.59,-1.80,-1.70,#N/A,0.26,#N/A,-0.32,-7.09,-0.20,0.08,-2.67,-6.54,2.30,13.59,-2.34,0.48,2.00,2.32,-1.99,0.54,-3.64,#N/A,-3.83,0.89,-2.49,-4.72,#N/A,-8.65,#N/A,-0.24,-0.58,-11.39,0.13,7.34,-5.70,-1.66,1.34,0.49,-0.47,7.17,-0.47,#N/A,-0.73,-2.70,1.78,0.04,#N/A,#N/A,-1.51,0.56,-4.32,-0.79,-5.74
22-Mar-13,-2.90,-1.55,-4.27,-9.80,-8.86,#N/A,-1.66,#N/A,-11.34,-12.66,1.30,-6.35,-2.37,-8.66,-0.52,-1.96,#N/A,-3.92,#N/A,0.49,1.41,-4.71,2.57,-1.49,-11.39,-5.86,-7.62,-2.10,-4.14,-3.92,-0.73,-8.96,-13.97,-6.89,#N/A,-9.00,2.96,-0.26,-5.52,#N/A,-11.58,#N/A,-2.86,-9.04,0.61,-0.09,-16.37,-7.55,-1.88,2.14,-2.29,-1.61,-4.39,-19.78,#N/A,-2.71,-3.50,-1.50,-4.77,#N/A,#N/A,0.20,-4.99,-5.16,-5.31,-2.69
28-Mar-13,-23.00,1.83,0.07,-0.06,-1.88,#N/A,5.45,#N/A,2.66,4.40,-0.56,-4.64,2.12,1.14,-0.65,-1.50,#N/A,0.82,#N/A,-0.75,4.41,5.05,0.95,-4.81,1.12,1.59,3.25,9.65,-3.98,1.43,2.30,-0.81,6.23,-2.15,#N/A,-8.75,0.19,0.00,-3.34,#N/A,-0.40,#N/A,2.23,0.32,3.42,1.49,21.70,-3.37,4.07,2.25,2.00,19.46,8.56,2.93,#N/A,-0.20,1.28,-0.24,6.36,#N/A,#N/A,2.08,1.53,2.04,-0.21,5.92
05-Apr-13,9.42,2.87,19.20,3.55,8.95,#N/A,1.27,#N/A,4.96,8.05,2.13,14.23,1.37,1.45,1.72,2.80,#N/A,8.15,#N/A,-1.63,1.31,-1.20,0.25,0.89,7.76,2.04,-5.97,-1.04,3.28,-11.27,-2.39,10.67,5.24,4.88,#N/A,5.63,-1.69,0.51,-1.36,#N/A,12.75,#N/A,3.02,-11.50,6.02,-2.30,-3.65,3.88,-1.90,-3.08,-2.33,-5.24,-2.37,4.89,#N/A,1.77,-3.08,5.04,0.09,#N/A,#N/A,0.13,-0.23,19.33,1.86,-0.91
12-Apr-13,1.05,-0.26,-12.50,-1.45,-0.88,#N/A,-2.09,#N/A,-4.96,10.91,3.32,-2.79,-3.01,-3.66,4.71,2.67,#N/A,-0.46,#N/A,-2.48,#N/A,-2.03,-0.23,4.33,-3.09,11.69,3.77,-1.34,-1.42,12.02,-1.24,-1.72,-5.15,2.79,#N/A,6.31,6.67,1.53,#N/A,#N/A,-1.77,#N/A,-0.74,1.44,0.50,-1.22,4.22,-1.16,-3.60,-3.36,1.18,15.74,4.39,8.88,#N/A,-2.00,-3.66,1.23,0.35,#N/A,#N/A,-3.15,-2.73,4.53,-1.09,-11.91
18-Apr-13,1.89,-1.56,1.38,3.48,4.14,#N/A,0.83,#N/A,8.80,3.97,-1.28,2.87,4.73,1.65,-0.85,2.24,#N/A,0.16,#N/A,1.02,#N/A,4.50,0.35,0.06,3.69,1.10,#N/A,0.84,9.85,-4.25,0.12,0.06,-4.22,-0.45,#N/A,0.37,1.69,-1.26,#N/A,#N/A,2.16,#N/A,-0.81,6.05,5.50,1.24,1.90,-1.44,-0.33,0.00,0.02,-1.84,-4.32,4.69,#N/A,4.90,2.89,5.27,8.49,#N/A,#N/A,0.79,2.12,1.55,3.28,3.23
26-Apr-13,3.53,-0.06,7.19,1.89,1.42,#N/A,-0.89,#N/A,-4.44,4.62,-2.64,-0.66,1.40,11.71,2.14,0.05,#N/A,4.48,#N/A,0.67,-1.84,-1.63,0.17,-3.63,19.10,-3.27,#N/A,2.93,-2.40,2.54,1.52,-2.06,4.56,2.50,#N/A,0.55,2.07,-2.29,#N/A,#N/A,-1.41,#N/A,2.16,-5.37,7.30,-0.68,-1.94,-5.14,1.67,-1.17,0.28,-9.59,-0.20,-3.35,#N/A,3.11,-1.43,4.34,-1.33,#N/A,#N/A,0.61,0.35,-1.37,-1.08,2.82
03-May-13,6.94,4.91,8.54,-2.06,8.40,#N/A,0.46,#N/A,17.35,3.34,3.12,-3.30,0.46,-6.26,-2.04,0.87,#N/A,0.55,#N/A,-0.50,-2.29,3.87,3.38,6.40,5.97,-7.61,-0.05,2.92,-0.40,-6.60,5.79,-0.51,4.21,-3.55,#N/A,-5.51,3.05,-0.52,#N/A,#N/A,-1.79,#N/A,-0.99,-1.91,-2.08,0.49,-2.81,-1.71,2.35,-3.56,1.31,4.39,0.31,6.90,#N/A,5.08,6.78,2.97,4.95,#N/A,#N/A,-0.09,-0.26,6.99,3.43,1.91
10-May-13,2.94,2.23,15.89,1.05,-2.58,#N/A,13.25,#N/A,4.42,-0.84,-0.99,2.39,1.44,-6.75,-0.96,1.39,#N/A,1.07,#N/A,3.19,-3.58,2.23,2.34,8.05,2.32,-0.61,8.08,1.90,0.79,-2.21,3.40,8.14,-8.57,0.92,#N/A,0.97,5.23,3.14,#N/A,#N/A,5.45,#N/A,-2.12,4.12,-1.35,-2.56,-8.33,0.17,1.48,5.24,2.87,5.32,-0.65,-3.52,#N/A,2.33,-0.41,-4.98,-2.34,#N/A,#N/A,2.69,5.19,3.24,-3.17,-11.53
17-May-13,14.24,-0.64,4.06,-3.13,8.22,#N/A,13.63,#N/A,-3.80,-1.36,0.37,0.67,3.77,4.50,6.84,3.23,#N/A,2.73,#N/A,0.76,0.18,-3.69,-0.34,6.00,8.60,-7.36,0.70,-3.79,2.76,-2.26,3.61,-1.13,-1.76,-4.10,#N/A,-2.31,8.32,-4.82,-3.79,#N/A,-1.72,#N/A,0.62,24.72,0.23,-1.51,-2.13,-8.39,1.07,1.43,0.74,1.51,-0.56,-3.04,#N/A,0.12,0.27,3.22,22.39,#N/A,#N/A,4.96,-1.30,2.17,2.09,7.34
24-May-13,2.31,-0.41,-0.76,-4.30,-5.88,#N/A,-15.57,#N/A,-13.45,-10.77,-3.85,-1.49,-3.03,-1.20,-3.86,-11.89,#N/A,-0.60,#N/A,-5.16,0.66,-10.43,-2.30,-3.65,-10.22,3.15,3.02,-0.73,-7.75,-1.85,-2.39,-0.90,-8.12,2.61,#N/A,-3.35,-4.28,4.80,#N/A,#N/A,-7.02,#N/A,0.50,-11.58,-8.21,-10.80,-14.12,-10.31,-1.77,-4.12,-1.23,1.56,-0.80,-6.93,#N/A,0.09,1.39,0.45,-0.36,#N/A,#N/A,-1.69,-4.30,-2.84,-1.34,-31.62
31-May-13,-0.23,-1.71,0.96,1.12,3.39,#N/A,11.32,#N/A,20.28,-0.52,-1.40,-4.03,-2.49,0.24,-9.26,-1.37,#N/A,1.33,#N/A,0.91,-1.09,-2.64,10.56,7.25,1.51,-4.17,-4.05,-0.04,4.66,-5.65,4.16,0.12,6.68,-7.18,#N/A,11.02,-3.85,26.72,#N/A,#N/A,-0.38,#N/A,1.32,2.39,-1.49,6.36,-30.46,-3.66,-0.09,-4.01,-0.27,0.07,1.94,-5.62,#N/A,0.77,-1.60,7.82,5.69,#N/A,#N/A,8.69,-3.82,1.70,-2.46,-0.58
07-Jun-13,1.86,2.38,-2.97,0.22,1.01,#N/A,-2.10,#N/A,-6.83,7.91,3.73,1.93,-0.49,-1.69,0.61,-3.10,#N/A,4.78,#N/A,-0.06,-2.45,1.64,5.06,-2.47,0.61,2.85,-1.88,-2.29,0.95,-7.23,1.41,-5.74,-0.55,-3.74,#N/A,4.60,2.99,27.11,#N/A,#N/A,-1.14,#N/A,-2.75,1.48,1.26,-3.83,-9.52,-4.66,2.16,3.24,1.97,-1.97,0.33,-1.56,#N/A,-4.29,0.06,-3.14,-0.74,#N/A,#N/A,3.77,3.08,0.48,-0.32,-2.24
14-Jun-13,-3.82,1.08,-12.81,1.44,-0.75,#N/A,0.93,#N/A,-7.58,-7.90,-1.76,8.08,-2.27,-1.88,1.41,2.83,#N/A,-0.74,#N/A,4.16,2.27,1.66,-7.72,-1.09,-10.27,-5.21,3.11,1.55,0.79,-6.72,7.30,-0.64,-0.94,-3.11,#N/A,-9.84,2.74,-6.64,#N/A,#N/A,-1.92,#N/A,0.38,-1.52,-9.22,-4.32,-21.58,0.84,1.70,-3.43,-2.02,-8.79,-3.02,-11.18,#N/A,-1.69,-1.68,-5.91,-14.50,#N/A,#N/A,0.35,-1.78,0.00,-1.77,-12.62
21-Jun-13,-4.21,-2.31,11.53,0.55,-2.26,#N/A,-1.78,#N/A,-2.82,0.80,-0.20,-1.27,2.50,-2.92,0.91,1.08,#N/A,-2.42,#N/A,0.11,-6.67,-3.66,2.22,-4.80,-3.04,2.23,0.23,1.62,-3.05,20.46,4.53,0.45,-7.30,26.47,#N/A,0.19,0.57,-2.03,#N/A,#N/A,-7.03,#N/A,1.97,0.00,0.88,-2.39,-7.38,18.54,-1.48,-4.03,-0.36,2.04,3.06,1.61,#N/A,-7.63,0.53,-0.31,5.29,#N/A,#N/A,1.98,-2.05,3.33,-1.76,-1.31
28-Jun-13,-3.08,1.95,-2.91,-4.18,2.83,#N/A,6.64,#N/A,-5.51,5.64,2.02,-5.96,0.26,-19.24,2.64,0.96,#N/A,4.31,#N/A,-3.23,7.26,-2.49,-5.86,0.96,-7.75,-7.73,5.56,-2.50,2.82,-14.59,-2.76,-1.54,-8.30,-2.75,#N/A,-4.28,-1.03,26.60,#N/A,#N/A,-1.26,#N/A,0.76,-11.38,5.11,0.36,-2.42,-7.80,0.70,10.18,1.06,1.52,-4.13,-6.92,#N/A,6.36,0.66,6.17,-4.61,#N/A,#N/A,-1.64,1.54,4.38,-5.15,-3.03
05-Jul-13,0.54,-0.54,12.69,-0.17,8.50,#N/A,-7.57,#N/A,3.94,3.96,0.46,10.10,1.14,27.45,1.95,-1.69,#N/A,0.91,#N/A,-0.89,-2.33,-0.87,9.39,6.56,22.99,-6.01,-0.88,7.36,-2.27,3.64,5.61,-3.26,-5.67,2.39,#N/A,0.61,7.09,23.87,#N/A,#N/A,2.55,#N/A,3.82,-1.81,16.20,1.46,7.18,7.95,-1.12,2.82,-2.39,-1.34,1.18,3.12,#N/A,2.99,-0.67,2.60,-5.12,#N/A,#N/A,4.27,4.39,-5.08,-3.67,-8.46
12-Jul-13,14.66,-1.13,4.87,2.22,1.15,#N/A,2.19,#N/A,-1.73,1.89,2.22,-2.18,-0.20,11.35,1.48,3.59,#N/A,5.11,#N/A,2.36,#N/A,16.76,-0.30,2.35,1.50,#N/A,#N/A,-3.25,13.79,4.05,-0.04,7.89,-3.33,-3.18,#N/A,2.22,4.02,15.31,-4.52,#N/A,21.99,#N/A,6.46,2.69,23.07,2.50,5.08,2.83,0.82,-0.32,-3.16,1.52,-0.38,12.94,#N/A,-0.04,-11.13,7.11,2.41,#N/A,#N/A,4.17,1.02,3.49,-1.02,4.45
19-Jul-13,2.00,-2.13,10.14,10.06,-6.15,#N/A,0.22,#N/A,-2.91,-9.20,6.04,-0.95,-0.77,-0.22,2.40,-3.45,#N/A,-0.03,#N/A,-0.71,#N/A,0.60,-0.90,0.82,7.03,#N/A,#N/A,-3.42,-1.20,#N/A,-6.77,-4.31,-16.02,-0.44,#N/A,5.93,3.48,-14.61,-21.62,#N/A,-8.50,#N/A,5.82,2.27,84.80,-3.47,22.42,-1.01,0.19,3.33,3.00,-1.81,-1.20,-11.82,#N/A,-35.02,1.74,-2.53,9.50,#N/A,#N/A,-0.69,-4.25,21.80,-2.65,-6.93
26-Jul-13,-6.43,0.47,-10.29,-5.61,-7.77,#N/A,-3.34,#N/A,-1.22,3.37,5.20,-0.48,-4.55,4.73,0.06,-2.98,#N/A,-2.14,#N/A,-1.38,#N/A,-3.09,-3.28,-1.68,3.14,-31.29,0.87,-2.52,-9.34,#N/A,-0.61,0.46,-9.01,-9.91,#N/A,-10.07,-4.95,2.13,-12.59,#N/A,-10.04,#N/A,-5.36,-6.60,-9.75,-12.92,-6.28,-6.17,-4.09,-5.56,-5.41,5.05,2.68,-8.08,#N/A,3.79,-8.89,3.47,-6.52,#N/A,#N/A,-53.67,-2.52,-13.10,-42.38,-35.41
02-Aug-13,-6.89,-1.77,-13.31,-4.33,0.79,#N/A,0.40,#N/A,0.79,-12.11,-2.25,6.29,2.65,-14.99,-3.69,-1.95,#N/A,-2.70,#N/A,-0.56,#N/A,-1.39,-7.09,-5.68,-11.61,9.15,-6.90,4.66,-3.38,-9.59,4.73,-1.56,-1.27,-11.49,#N/A,0.41,4.04,-12.81,#N/A,#N/A,-7.02,#N/A,19.41,-20.12,1.43,-5.13,-20.88,-8.25,2.03,-0.30,-10.06,-9.39,-1.92,-15.40,#N/A,-18.22,-2.88,-50.34,-14.83,#N/A,#N/A,7.84,-2.68,-1.70,-19.57,-26.47
08-Aug-13,-4.58,-2.10,-1.60,-2.80,7.83,#N/A,-4.33,#N/A,4.38,2.06,6.97,-0.76,-6.75,5.06,2.76,4.68,#N/A,-0.82,#N/A,-2.48,#N/A,0.31,2.61,1.68,0.54,-8.95,1.85,0.18,4.40,-3.54,-4.58,2.05,-0.17,6.63,#N/A,3.93,-9.86,-9.67,#N/A,#N/A,-3.56,#N/A,-0.97,6.50,4.84,-1.95,13.56,0.27,0.80,3.16,3.70,1.10,2.12,8.85,#N/A,1.49,14.70,-8.64,-0.47,#N/A,#N/A,-4.98,-5.31,4.75,21.41,-9.97
16-Aug-13,2.49,0.03,-4.33,1.04,7.26,#N/A,7.46,#N/A,22.70,15.52,0.36,-2.45,-6.41,2.73,0.88,2.12,#N/A,-2.32,#N/A,-2.95,-5.68,0.52,-3.21,-5.60,2.04,#N/A,0.91,-1.18,-1.87,16.67,2.71,5.83,-2.29,1.04,#N/A,6.96,1.73,9.74,#N/A,#N/A,11.52,#N/A,6.55,-7.37,3.88,-1.09,5.33,-5.59,-0.93,-0.24,-1.13,-5.33,-3.13,3.38,#N/A,12.30,-0.06,6.88,-2.84,#N/A,#N/A,0.10,1.77,-0.41,21.52,20.98
23-Aug-13,1.30,-0.22,-3.32,0.06,6.09,#N/A,-7.79,#N/A,-4.17,-3.52,1.01,2.35,0.08,-10.09,-4.42,-5.83,#N/A,-2.27,#N/A,-1.13,-0.60,2.38,1.15,-0.01,-0.87,#N/A,-0.90,-0.62,1.91,#N/A,-5.58,-0.31,-7.26,-5.13,#N/A,-6.51,-3.03,-6.59,#N/A,#N/A,-9.92,#N/A,-4.67,-1.56,-12.36,1.04,0.61,-1.65,4.14,-4.27,-1.59,2.99,-0.33,44.67,#N/A,0.32,0.86,-6.41,4.97,#N/A,#N/A,-6.53,-1.31,-0.41,-4.93,-2.93
30-Aug-13,-4.57,1.30,-5.69,-7.85,2.55,#N/A,-4.46,#N/A,1.74,1.20,2.96,-2.91,-1.93,2.96,5.29,6.22,#N/A,8.29,#N/A,-0.36,-2.30,-3.69,2.88,-4.16,-1.98,#N/A,2.73,3.88,-2.50,#N/A,-0.55,1.41,-11.15,14.05,#N/A,0.60,1.25,-15.06,#N/A,#N/A,5.05,#N/A,-1.12,-1.21,-3.05,-4.46,-3.02,1.33,-5.77,12.47,-1.03,-0.85,-0.69,11.64,#N/A,-1.56,9.20,2.47,4.27,#N/A,#N/A,4.03,-3.19,-1.25,-6.75,4.72
06-Sep-13,-1.30,2.22,24.68,8.21,2.70,#N/A,-1.59,#N/A,1.10,4.54,-1.64,10.41,-0.06,1.18,4.95,-1.05,#N/A,-0.41,#N/A,0.42,0.25,0.84,-4.10,2.87,9.33,-3.03,-2.65,-1.75,-0.24,#N/A,11.95,2.78,2.01,-3.32,#N/A,6.13,4.85,22.52,13.26,#N/A,17.90,#N/A,0.89,11.38,9.39,0.78,1.66,1.94,-0.30,-3.42,0.09,1.64,-0.44,4.30,#N/A,0.97,3.49,1.67,-3.40,#N/A,#N/A,5.87,2.58,25.05,7.48,9.83
13-Sep-13,3.89,-1.85,1.02,-0.63,-0.40,#N/A,0.89,#N/A,3.26,-3.69,-3.53,5.43,2.28,6.43,0.69,2.25,#N/A,-1.64,#N/A,0.60,2.47,1.56,4.50,1.12,4.59,4.17,-1.68,0.60,6.26,#N/A,0.28,-0.41,20.19,5.15,#N/A,0.19,2.67,4.17,18.29,#N/A,4.07,#N/A,0.29,1.60,-5.58,5.72,6.12,25.48,3.07,0.43,4.65,2.04,0.13,-6.18,#N/A,3.18,-0.84,6.62,7.93,#N/A,#N/A,1.67,0.37,1.01,0.35,27.85
20-Sep-13,0.13,-0.64,-21.51,0.11,8.72,#N/A,1.08,#N/A,-2.04,3.20,0.56,2.71,2.97,-6.67,-2.45,-0.74,#N/A,5.45,#N/A,0.84,#N/A,0.41,4.14,-1.79,-0.88,0.00,#N/A,7.07,-2.42,-6.34,-0.94,-1.12,-2.55,2.80,#N/A,-1.67,0.72,-7.13,1.55,#N/A,-0.71,#N/A,5.12,-0.42,-3.60,-0.62,-13.85,20.04,-0.94,-6.54,-0.75,-3.57,2.78,-6.98,#N/A,-4.01,-2.24,0.55,-3.46,#N/A,#N/A,0.62,3.81,0.33,-2.39,-10.28
27-Sep-13,-8.12,-0.78,-4.35,-2.07,-47.39,#N/A,8.78,#N/A,3.54,6.49,-0.36,2.37,1.26,-3.36,0.78,-1.12,#N/A,1.80,#N/A,0.00,#N/A,-1.12,-1.50,-0.44,-2.81,1.40,#N/A,-1.58,1.16,5.59,0.86,2.75,-8.76,-5.67,#N/A,-2.84,-1.64,7.95,10.96,#N/A,3.94,#N/A,-0.75,7.43,1.88,-0.93,-3.79,-12.49,-0.30,3.00,0.65,3.45,5.00,-1.94,#N/A,-1.47,-0.67,4.09,2.13,#N/A,#N/A,-0.95,3.63,6.15,-0.95,-6.69
04-Oct-13,3.53,-0.60,1.06,-1.00,-3.55,#N/A,-5.84,#N/A,2.27,4.50,0.76,-7.22,-1.40,2.35,1.14,3.88,#N/A,-1.78,#N/A,0.59,#N/A,1.24,2.31,6.22,4.13,6.11,-1.85,0.93,2.06,#N/A,0.18,3.08,5.22,-3.13,#N/A,9.53,3.01,20.72,-2.01,#N/A,26.21,#N/A,0.90,-1.55,3.49,-0.64,0.00,0.25,0.08,-0.94,0.94,12.92,-1.92,0.07,#N/A,2.72,0.43,1.84,3.98,#N/A,#N/A,1.06,5.93,6.26,-5.10,-18.53
11-Oct-13,1.14,1.67,0.88,1.78,-2.43,#N/A,-0.50,#N/A,-1.61,-0.83,-0.16,-7.50,-1.00,-1.44,-2.00,1.08,#N/A,1.32,#N/A,1.89,#N/A,4.44,0.13,1.78,9.53,-2.42,1.89,0.22,6.82,#N/A,4.65,2.65,-7.92,5.96,#N/A,-2.31,4.81,3.62,1.68,#N/A,-9.29,#N/A,11.73,10.02,13.81,4.62,3.02,0.34,0.65,-2.10,7.14,4.06,-1.65,2.51,#N/A,10.90,-1.94,4.17,-0.30,#N/A,#N/A,-2.24,-0.76,28.57,12.21,17.32
18-Oct-13,-0.70,-1.92,-2.12,1.74,0.60,#N/A,1.24,#N/A,-1.38,-0.22,-2.12,-2.25,-2.32,2.59,-3.26,-0.48,#N/A,2.53,#N/A,-3.71,#N/A,-0.49,-0.03,-1.20,2.66,-8.57,-3.70,2.02,5.40,0.56,-6.06,3.35,-1.58,-3.28,#N/A,-2.73,-1.78,-2.00,5.88,#N/A,0.30,#N/A,2.83,4.38,10.14,-0.15,-0.68,-1.35,-0.03,0.77,-2.94,-1.70,-2.11,-8.39,#N/A,4.59,-0.73,0.91,0.19,#N/A,#N/A,-2.28,-3.22,-14.66,13.47,-10.48
25-Oct-13,0.40,-1.08,1.89,3.43,15.21,#N/A,-0.44,#N/A,-3.77,3.61,1.22,-0.15,0.64,-2.94,0.01,-5.32,#N/A,-2.30,#N/A,0.78,#N/A,-2.41,-2.39,-1.75,1.66,1.04,-1.92,-0.90,2.99,0.83,0.64,-1.12,37.56,-3.87,#N/A,3.55,-1.66,-4.58,3.99,#N/A,-0.60,#N/A,-7.38,-0.41,-8.33,0.19,2.49,-3.47,-0.94,-0.65,-4.62,-0.43,-2.82,7.76,#N/A,7.27,0.06,-3.33,2.77,#N/A,#N/A,-2.55,4.00,-11.54,0.19,-3.21
01-Nov-13,3.84,0.54,24.48,-2.71,-5.14,#N/A,0.24,#N/A,3.88,6.76,5.58,2.00,3.07,-1.56,0.20,0.30,#N/A,2.78,#N/A,7.64,-3.57,-0.65,2.38,-1.57,1.72,3.09,6.03,6.57,4.26,7.44,-1.26,8.02,-1.94,0.76,#N/A,1.99,-0.87,-2.77,#N/A,#N/A,-5.44,#N/A,1.87,-5.04,4.68,-0.17,3.32,-2.26,2.56,0.22,0.88,-1.23,9.81,-3.50,#N/A,0.82,5.30,-0.85,-2.03,#N/A,#N/A,10.60,2.55,12.29,2.58,-2.11
08-Nov-13,7.61,8.91,2.21,12.32,2.12,#N/A,-0.16,#N/A,2.63,13.29,6.00,6.49,4.37,15.39,1.62,4.49,#N/A,-2.82,#N/A,-0.17,6.83,2.78,0.44,-2.96,-2.86,0.00,-4.67,-0.77,14.99,14.87,2.29,3.49,9.59,-2.50,#N/A,-1.42,0.16,25.25,#N/A,#N/A,1.60,#N/A,5.48,15.77,-12.25,-0.17,-0.43,-2.04,8.16,-1.08,-0.56,1.32,-0.43,7.75,#N/A,7.44,0.74,-0.50,9.88,#N/A,#N/A,5.24,0.49,9.59,-3.50,9.59
14-Nov-13,1.30,3.29,4.95,2.33,11.61,#N/A,-1.13,#N/A,-5.93,8.29,-0.07,2.12,1.36,20.12,-4.47,12.49,#N/A,2.42,#N/A,-2.00,-6.03,-1.08,-2.85,-2.80,0.75,0.00,8.63,-0.10,5.06,-10.71,-2.26,3.95,-3.88,-0.26,#N/A,21.90,-1.90,4.56,#N/A,#N/A,3.14,#N/A,11.78,2.07,2.61,0.20,-3.66,-5.14,5.56,-1.11,0.40,-0.36,2.30,-2.15,#N/A,1.81,1.89,-0.41,-0.55,#N/A,#N/A,-3.68,4.78,14.30,-3.82,-2.90
22-Nov-13,-8.12,-1.29,2.35,7.71,-7.88,#N/A,-0.64,#N/A,-0.83,-1.12,-0.15,4.02,3.15,-8.69,-4.78,-1.47,#N/A,-0.95,#N/A,11.73,0.75,5.73,-0.43,0.36,-1.79,#N/A,#N/A,-0.02,1.59,-5.00,0.41,5.69,11.97,-1.29,#N/A,-12.81,-1.99,-4.19,#N/A,#N/A,-7.93,#N/A,-1.80,8.00,9.03,-1.52,-1.56,-2.05,16.85,-1.78,2.64,1.82,0.59,1.31,#N/A,3.52,7.79,-4.07,-3.97,#N/A,#N/A,-0.35,1.98,7.23,4.80,2.91
29-Nov-13,-0.05,2.33,-2.06,-3.58,-2.35,#N/A,-4.59,#N/A,2.37,5.36,4.36,4.27,-1.66,1.60,1.64,1.91,#N/A,2.02,#N/A,8.42,-13.57,2.21,4.03,0.91,-0.21,#N/A,#N/A,0.00,11.56,#N/A,-3.47,2.63,16.69,1.82,#N/A,6.42,0.68,6.82,#N/A,#N/A,-3.97,#N/A,-0.08,-6.32,2.61,12.51,-2.49,1.00,19.00,-4.58,7.20,12.49,6.19,-5.66,#N/A,12.52,-4.14,-0.54,10.92,#N/A,#N/A,0.06,1.12,16.80,-2.45,-12.90
06-Dec-13,1.45,-2.38,-3.40,-0.86,-1.54,#N/A,-0.14,#N/A,-0.25,4.32,3.91,-1.79,0.05,6.36,-0.69,-1.14,#N/A,-2.53,#N/A,0.56,9.89,-3.23,1.12,1.78,10.15,7.41,-0.10,-1.06,-3.67,#N/A,-1.49,-4.31,-16.03,20.20,#N/A,-4.13,0.28,9.50,-18.42,#N/A,9.31,#N/A,-2.23,0.00,0.85,-3.01,4.88,0.25,-26.76,2.52,-2.72,-5.14,0.38,-4.10,#N/A,-1.51,-9.78,1.74,7.16,#N/A,#N/A,6.33,6.90,-8.10,-1.34,-5.77
09-Dec-13,-0.10,-0.13,1.34,0.67,-0.95,#N/A,-0.18,#N/A,-0.32,-0.18,-0.66,-0.39,-0.24,-1.93,-0.79,-1.94,#N/A,1.14,#N/A,-0.47,0.00,-0.52,-0.40,1.31,-0.50,3.45,#N/A,-0.94,-1.08,2.70,0.51,-1.03,-0.47,4.47,#N/A,-1.16,-0.59,-2.17,#N/A,#N/A,-3.79,#N/A,0.97,-0.30,-5.48,0.07,0.22,0.94,-4.93,0.35,-0.13,-2.34,-0.58,-3.26,#N/A,-0.46,0.30,0.73,6.13,#N/A,#N/A,-0.73,-5.03,-6.28,-1.22,-0.35
13-Dec-13,-1.07,2.37,-2.03,-1.81,-5.48,#N/A,-1.04,#N/A,-2.54,1.26,-4.55,1.70,0.69,-1.90,-1.96,-0.81,#N/A,-1.90,#N/A,-3.97,-7.44,-1.91,-1.84,-1.80,-0.75,#N/A,#N/A,0.04,1.71,-0.79,3.12,1.04,-1.50,-15.27,#N/A,0.50,1.99,0.99,#N/A,#N/A,-1.31,#N/A,-1.72,-5.18,-2.40,-2.99,-2.21,-3.80,-1.47,2.67,-3.05,3.29,-2.88,7.75,#N/A,-0.96,3.19,-2.60,-5.32,#N/A,#N/A,-1.70,-0.83,5.80,-4.67,-10.75
20-Dec-13,3.40,9.45,3.92,6.31,7.54,#N/A,0.81,#N/A,4.87,22.09,14.58,5.91,4.45,1.40,6.30,6.81,#N/A,4.41,#N/A,12.07,4.15,-0.24,18.69,0.73,8.33,#N/A,6.86,1.94,18.07,0.80,4.60,13.78,5.81,0.96,#N/A,9.50,5.78,29.52,#N/A,#N/A,10.63,#N/A,8.23,15.43,37.50,11.06,-0.45,10.40,0.94,2.65,-1.56,-0.40,3.94,21.26,#N/A,1.39,-57.28,1.35,-4.51,#N/A,#N/A,0.21,1.80,-0.47,11.09,18.35
27-Dec-13,9.72,2.79,-1.15,6.85,0.61,#N/A,12.88,#N/A,-1.64,3.32,6.53,-3.16,1.81,15.03,0.78,3.27,#N/A,0.39,#N/A,14.77,#N/A,2.25,0.98,2.18,2.61,-2.53,-3.30,-3.48,7.08,13.16,1.92,0.43,8.33,3.33,#N/A,2.13,-1.52,11.81,#N/A,#N/A,21.02,#N/A,-0.07,-2.51,-4.96,-2.95,23.41,-3.49,-1.60,-2.80,-4.30,-1.46,-2.70,21.39,#N/A,-1.88,-4.92,-0.57,1.07,#N/A,#N/A,-1.22,1.00,4.56,5.76,2.69
03-Jan-14,-2.57,-3.68,-3.20,-2.48,-0.60,#N/A,1.45,#N/A,-1.32,1.09,3.72,1.75,-0.79,-1.09,-3.00,2.25,#N/A,-0.83,#N/A,-2.04,#N/A,-2.49,0.98,-4.12,-2.74,6.48,0.91,1.11,13.66,2.33,-1.93,7.14,-2.17,1.38,#N/A,3.13,2.99,1.67,#N/A,#N/A,13.15,#N/A,-2.15,1.71,-5.94,1.95,-0.37,-2.67,-0.35,-1.07,0.95,-5.27,1.06,-6.11,#N/A,1.28,0.92,0.77,1.12,#N/A,#N/A,-1.35,-0.86,-2.45,1.89,2.27
10-Jan-14,4.50,2.46,-2.76,8.33,0.00,#N/A,-3.72,#N/A,-1.28,-1.35,-5.64,4.93,11.60,54.23,1.57,0.08,#N/A,5.11,#N/A,-1.12,9.09,-2.11,-0.62,-0.11,-0.41,4.35,-1.81,-0.45,-15.37,#N/A,7.75,-5.36,-1.79,1.14,#N/A,26.45,0.37,-7.71,#N/A,#N/A,15.79,#N/A,-1.05,-0.84,5.39,-3.52,-2.96,-1.32,-3.95,1.50,-2.09,-6.13,-1.04,-8.64,#N/A,5.21,-2.48,5.13,2.00,#N/A,#N/A,-0.07,9.83,-2.05,2.71,-4.28
17-Jan-14,-8.30,-0.80,2.28,-2.91,-2.49,#N/A,1.16,#N/A,-4.65,-1.23,-3.20,-1.06,-1.68,-18.63,4.80,1.54,#N/A,1.16,#N/A,0.23,-2.38,-1.35,0.27,-1.29,1.35,-13.50,-0.53,1.76,-15.01,#N/A,-0.35,-3.12,1.11,-5.62,#N/A,5.14,-2.89,4.46,14.97,#N/A,-14.20,#N/A,-2.02,-6.52,-5.14,-2.93,1.14,-1.93,-1.67,1.96,3.81,-16.57,-3.16,11.88,#N/A,-0.64,3.79,-2.55,-7.37,#N/A,#N/A,1.62,1.05,-1.81,-6.80,-2.69
24-Jan-14,4.92,-0.94,0.67,10.17,-2.90,#N/A,1.52,#N/A,-0.56,9.40,-3.44,6.88,-2.09,15.42,-0.73,4.55,#N/A,0.18,#N/A,1.44,-6.34,1.83,0.15,0.14,10.78,-2.70,-0.44,15.14,8.99,3.96,0.87,0.44,-3.21,-3.81,#N/A,-9.78,0.45,-2.93,-6.08,#N/A,-1.99,#N/A,2.61,-1.21,-2.56,-3.61,16.57,-1.21,0.07,-2.17,0.14,-5.01,-0.40,3.44,#N/A,-2.33,3.59,1.44,5.22,#N/A,#N/A,13.18,-6.20,0.10,1.02,-1.07
31-Jan-14,3.94,-1.38,0.85,-6.09,-14.74,#N/A,-1.47,#N/A,-3.36,11.93,2.26,4.22,-2.26,-7.80,-1.01,-0.87,#N/A,-2.01,#N/A,-6.19,-3.05,1.10,-0.02,9.80,5.76,-2.97,-11.72,1.24,-0.50,-13.10,8.70,-3.48,9.15,-7.18,#N/A,-10.60,-3.45,0.00,#N/A,#N/A,-15.54,#N/A,-6.30,-2.15,7.29,-3.12,4.52,0.51,-4.12,1.27,-1.77,-8.44,5.03,-8.25,#N/A,-0.71,-2.06,-2.41,0.37,#N/A,#N/A,-0.10,1.68,-3.97,-5.11,-3.47
07-Feb-14,0.00,1.78,0.68,-4.27,4.59,#N/A,2.02,#N/A,2.09,7.52,-0.18,-1.17,10.30,0.91,1.57,5.24,#N/A,0.92,#N/A,-3.44,-2.23,-2.32,-0.29,0.70,21.79,9.59,-8.77,-7.87,4.87,-5.48,-2.05,7.05,2.78,-2.40,#N/A,11.73,4.30,-3.85,#N/A,#N/A,13.07,#N/A,0.16,0.00,-14.45,1.82,-9.74,-2.19,0.57,-1.46,-2.57,-5.45,-1.27,2.50,#N/A,11.33,-1.62,2.24,-1.95,#N/A,#N/A,0.53,-2.59,0.30,-1.04,1.40
14-Feb-14,-0.76,-1.83,-0.35,3.37,3.59,#N/A,-3.54,#N/A,6.98,-3.25,-1.70,-2.80,4.87,6.88,-10.49,-1.35,#N/A,-1.94,#N/A,-1.78,9.33,-1.67,1.22,-5.82,-3.18,-5.59,9.68,-6.15,1.99,5.80,1.45,-0.31,-15.05,0.82,#N/A,0.36,-2.03,-7.14,#N/A,#N/A,-12.97,#N/A,-1.92,-5.02,-3.56,-3.90,-1.20,1.61,0.08,-4.15,3.54,13.07,-2.89,-6.81,#N/A,12.22,-2.92,1.27,-2.49,#N/A,#N/A,2.89,1.42,2.51,-3.37,-1.29
21-Feb-14,-2.36,-0.13,4.49,-7.29,0.77,#N/A,-1.14,#N/A,1.26,-0.24,3.57,5.99,0.36,14.24,-1.08,4.01,#N/A,5.78,#N/A,1.86,11.17,-3.08,0.58,0.84,2.54,-1.78,1.11,0.93,-4.79,23.84,7.84,0.92,-3.57,-3.79,#N/A,-3.37,3.74,8.62,#N/A,#N/A,1.63,#N/A,9.84,2.31,-6.18,1.26,-10.23,-6.04,-1.36,1.47,-0.81,-4.11,1.35,1.69,#N/A,3.60,-1.00,0.88,6.07,#N/A,#N/A,0.77,1.47,0.00,-3.43,6.03
28-Feb-14,18.40,5.64,5.15,0.61,-0.61,#N/A,2.15,#N/A,12.31,7.12,3.51,4.92,9.10,-0.88,4.08,0.09,#N/A,6.32,#N/A,9.03,9.93,-0.11,0.67,6.67,-2.96,-1.61,-0.66,-0.99,19.88,5.53,-0.06,-0.27,9.78,-1.69,#N/A,-2.24,6.25,-5.10,20.13,#N/A,-0.80,#N/A,5.16,2.90,2.48,3.96,0.77,1.53,8.31,3.80,2.63,-0.82,0.17,2.21,#N/A,4.26,-1.11,4.62,-2.10,#N/A,#N/A,-1.10,5.47,15.08,0.39,5.71
07-Mar-14,-1.24,-4.28,-1.83,4.01,10.78,#N/A,-3.68,#N/A,17.06,-3.34,-3.55,-3.69,-5.94,17.58,-0.88,-2.26,#N/A,-6.04,#N/A,-3.54,-5.17,0.53,-13.03,-1.93,0.26,7.96,8.40,2.84,-6.96,-6.08,-6.66,2.48,11.96,5.73,#N/A,9.41,-2.79,5.97,#N/A,#N/A,10.75,#N/A,0.02,11.60,1.53,1.47,7.47,3.22,1.69,-4.92,3.00,11.43,-0.33,9.03,#N/A,-5.31,5.51,-4.75,-1.59,#N/A,#N/A,0.16,1.77,-2.72,-1.71,4.04
14-Mar-14,1.97,1.52,-2.38,-4.03,-1.53,#N/A,-2.64,#N/A,7.03,1.59,-2.20,-5.07,-1.55,-10.18,1.29,0.64,#N/A,1.82,#N/A,0.00,3.43,0.32,-1.74,-2.29,1.21,8.32,-10.65,0.02,-5.79,-9.82,-0.83,-3.20,5.88,-2.98,#N/A,-6.98,-2.09,-0.85,#N/A,#N/A,-10.19,#N/A,-2.43,5.62,-0.57,-2.71,1.60,-4.52,2.22,-2.43,-1.98,3.70,-0.45,-7.76,#N/A,-2.27,-2.70,-4.97,-3.32,#N/A,#N/A,-3.27,-5.50,-1.66,0.21,-2.41
21-Mar-14,1.72,1.21,0.38,0.17,10.66,#N/A,3.88,#N/A,-3.14,3.95,0.13,1.09,2.16,16.41,0.43,0.61,#N/A,0.03,#N/A,7.86,9.48,3.84,-1.58,3.66,-3.25,-7.68,1.14,-3.05,6.81,3.96,4.73,-3.27,0.58,13.41,#N/A,4.00,-0.14,33.81,#N/A,#N/A,2.97,#N/A,-1.98,26.86,1.82,1.20,-5.96,1.03,0.05,1.44,3.98,5.70,1.70,-3.55,#N/A,3.91,-0.26,-0.23,-0.20,#N/A,#N/A,3.47,5.56,3.29,2.16,-2.11
28-Mar-14,0.06,0.76,-0.07,0.87,-1.34,#N/A,1.47,#N/A,-1.21,-4.22,-2.90,-3.67,2.31,6.47,-0.14,-3.33,#N/A,-5.75,#N/A,-4.75,-2.41,-1.06,1.05,-3.04,-4.84,-3.40,-0.73,1.35,-2.26,-5.00,-2.88,-0.76,9.36,-5.67,#N/A,-3.73,0.31,4.67,#N/A,#N/A,1.31,#N/A,-1.69,3.56,-3.82,5.17,0.75,-0.65,4.98,3.38,7.50,-0.76,10.91,5.04,#N/A,14.06,8.93,-2.91,-3.28,#N/A,#N/A,-4.47,1.49,-4.65,1.14,3.30
04-Apr-14,0.74,6.55,-1.96,2.29,17.00,#N/A,-0.83,#N/A,-0.06,10.28,3.06,3.25,2.08,-2.20,4.43,-0.78,#N/A,1.10,#N/A,8.40,-1.88,0.20,-1.16,6.71,7.48,22.90,6.82,0.23,4.44,4.76,-0.38,8.57,2.43,2.61,#N/A,5.62,3.05,-3.65,#N/A,#N/A,9.59,#N/A,-5.69,-5.87,-1.40,3.56,4.44,16.55,4.73,-1.27,4.04,11.98,-2.64,10.16,#N/A,1.96,8.66,1.49,3.32,#N/A,#N/A,5.63,-1.42,21.41,8.73,33.71
11-Apr-14,14.60,-2.05,0.49,1.01,9.39,#N/A,-0.87,#N/A,-1.47,-2.68,0.95,3.80,-5.62,-3.44,-0.51,-0.30,#N/A,-2.86,#N/A,-2.64,1.11,-0.41,-0.99,-2.00,3.32,0.32,-3.30,4.26,-2.39,0.96,-2.35,2.51,4.30,4.58,#N/A,0.35,-2.80,-1.47,#N/A,#N/A,-0.71,#N/A,-4.75,-1.29,5.72,1.12,13.30,0.42,-3.14,10.50,-0.80,0.68,0.96,3.59,#N/A,7.52,8.11,9.77,1.93,#N/A,#N/A,-0.24,1.17,4.02,19.79,7.74
17-Apr-14,6.07,-1.09,-0.04,0.33,-6.82,#N/A,-0.87,#N/A,-3.54,0.26,3.92,0.31,0.59,-3.19,-0.36,-1.53,#N/A,-0.55,#N/A,-1.86,4.63,5.60,-1.43,1.42,-0.79,0.63,4.51,0.03,0.18,-0.47,-2.70,0.40,-1.44,-1.22,#N/A,-0.94,0.70,-2.78,#N/A,#N/A,-2.38,#N/A,0.32,0.44,-3.65,0.31,-3.76,39.22,-1.27,2.74,-0.09,-3.62,-0.66,12.27,#N/A,-2.84,-1.34,-0.55,-3.15,#N/A,#N/A,-1.09,-0.87,21.24,1.74,-4.30
25-Apr-14,13.03,-1.30,0.72,-0.67,8.67,#N/A,0.78,#N/A,1.97,5.11,4.15,2.19,0.22,14.60,-1.59,3.30,#N/A,2.74,#N/A,1.74,0.57,-1.31,-1.88,-1.83,14.15,4.57,2.37,0.28,-2.04,0.00,2.86,12.55,-1.20,12.56,#N/A,0.59,3.85,1.54,#N/A,#N/A,2.68,#N/A,14.14,22.34,4.75,4.75,0.65,14.95,5.66,-4.35,-0.25,9.23,2.17,8.53,#N/A,0.93,16.08,-0.24,0.76,#N/A,#N/A,1.61,-0.45,10.21,13.92,3.23
02-May-14,13.08,3.37,-1.39,2.81,-9.48,#N/A,1.43,#N/A,4.89,3.64,0.30,-2.34,0.53,-10.57,1.84,0.92,#N/A,4.25,#N/A,-0.45,0.86,-2.96,0.34,10.34,13.37,-5.58,-2.83,5.09,2.05,-4.52,3.00,-2.13,-2.31,-2.84,#N/A,0.83,1.81,1.52,#N/A,#N/A,-1.43,#N/A,-1.55,1.24,-1.27,-1.63,7.43,-7.44,-1.29,-5.28,-1.93,-0.64,-1.80,1.11,#N/A,6.88,-0.05,1.16,12.26,#N/A,#N/A,4.12,-2.44,6.42,-3.54,18.62
09-May-14,-3.54,-1.91,6.75,0.29,-4.13,#N/A,2.24,#N/A,-1.41,-2.42,-0.92,-2.92,1.28,2.55,-2.23,-3.04,#N/A,-0.80,#N/A,0.90,-4.36,-0.15,-2.76,-8.05,3.15,-3.35,-5.56,-6.47,11.61,24.44,-0.55,-2.44,5.76,-5.86,#N/A,6.21,-4.32,-2.13,#N/A,#N/A,-3.86,#N/A,-2.21,-6.48,27.14,-1.76,-4.66,6.23,-4.17,8.91,-0.85,0.36,1.72,-5.91,#N/A,-3.60,-5.85,-0.97,-8.78,#N/A,#N/A,6.86,2.09,22.43,-5.68,0.03
16-May-14,-3.34,0.37,0.04,0.86,-2.30,#N/A,1.01,#N/A,-4.40,6.39,-8.94,-8.28,-8.11,-2.71,-1.11,-3.20,#N/A,-11.29,#N/A,-4.86,-2.48,4.52,4.14,-7.17,0.50,-2.48,7.45,-8.68,-6.84,14.23,-5.72,-3.10,-4.21,-3.83,#N/A,-9.27,-0.81,-0.44,#N/A,#N/A,-1.50,#N/A,-3.64,1.69,-17.97,-1.53,-2.52,0.88,-0.73,-0.06,-4.10,-4.74,-4.21,-7.12,#N/A,-0.89,0.00,-1.72,0.32,#N/A,#N/A,-4.90,-9.29,-12.20,1.41,-0.05
23-May-14,4.66,2.49,6.95,10.18,22.06,#N/A,-2.29,#N/A,4.73,-1.63,3.70,2.23,1.69,2.67,-0.32,-0.26,#N/A,-4.22,#N/A,-2.88,11.31,12.79,1.40,-2.61,-2.36,33.05,3.13,-0.10,4.53,20.00,-1.51,6.75,11.72,23.13,#N/A,10.46,-3.62,17.29,26.99,#N/A,42.24,#N/A,0.66,19.89,4.44,6.05,36.08,4.76,-0.22,7.11,2.26,20.20,0.38,4.58,#N/A,-7.81,8.25,-4.65,4.20,#N/A,#N/A,5.08,-2.45,3.37,5.08,-6.21
30-May-14,-0.19,-4.09,-3.78,2.20,-3.37,#N/A,-0.80,#N/A,1.01,8.85,-1.51,-8.26,0.43,-0.54,-0.72,-1.68,#N/A,6.10,#N/A,-4.49,-2.63,-9.06,-3.48,4.97,2.61,-6.75,-4.90,0.99,9.21,12.13,1.78,-6.84,-6.58,-3.84,#N/A,-3.19,1.33,-16.98,-3.67,#N/A,-8.77,#N/A,-1.34,-17.82,-4.44,-1.43,-7.61,1.48,0.95,5.48,0.17,-6.71,10.41,13.07,#N/A,4.03,-6.03,3.88,-3.94,#N/A,#N/A,-2.11,-3.05,-11.63,1.51,-17.37
06-Jun-14,3.03,0.84,10.93,4.02,20.95,#N/A,5.64,#N/A,0.00,-2.92,6.44,5.50,-0.34,2.36,2.97,-0.14,#N/A,-4.04,#N/A,6.72,5.11,9.06,2.31,1.38,10.10,11.07,34.98,-0.82,-3.66,24.12,2.93,-0.83,14.44,0.84,#N/A,-5.35,1.24,21.12,16.05,#N/A,0.78,#N/A,4.49,9.16,4.73,7.74,5.15,-1.15,-0.76,6.05,5.59,6.05,-0.68,14.52,#N/A,-1.29,18.94,-1.33,8.91,#N/A,#N/A,3.87,4.31,1.90,3.63,-3.73
13-Jun-14,8.73,2.31,18.70,6.86,5.15,#N/A,3.56,#N/A,1.19,7.51,3.31,5.69,6.37,-7.16,4.69,5.80,#N/A,4.13,#N/A,0.55,1.50,3.43,0.07,3.55,-3.08,-6.40,0.79,7.01,-1.98,15.34,2.06,1.75,4.36,6.25,#N/A,-5.41,3.82,2.23,-8.56,#N/A,-2.92,#N/A,13.27,2.91,1.16,1.52,-8.20,-3.28,3.44,-2.32,5.32,-2.28,2.82,22.78,#N/A,-0.87,1.80,4.76,-3.85,#N/A,#N/A,6.07,0.23,-7.79,1.22,2.47
20-Jun-14,21.00,11.60,-1.69,5.68,-2.35,#N/A,-1.04,#N/A,-2.42,-0.95,1.71,-3.25,3.49,5.86,2.51,-1.32,#N/A,-0.28,#N/A,3.05,1.11,-2.06,-0.53,-0.77,13.54,3.29,31.46,7.05,0.00,-6.38,-0.37,-1.27,-0.48,-0.59,#N/A,0.00,1.53,5.81,-7.84,#N/A,-3.21,#N/A,26.95,-1.66,12.03,8.42,0.53,0.11,11.76,3.60,1.33,3.89,-1.40,1.84,#N/A,0.45,-2.75,0.52,-4.19,#N/A,#N/A,-0.49,4.71,0.55,0.71,-3.58
27-Jun-14,-1.84,7.14,8.92,-3.54,0.20,#N/A,-0.41,#N/A,1.69,7.45,7.14,16.69,3.07,13.76,3.02,8.44,#N/A,4.67,#N/A,-1.03,4.67,3.05,0.18,-0.66,7.26,-0.64,-6.51,14.72,10.10,-2.33,4.85,5.80,0.00,3.75,#N/A,0.64,4.87,-2.06,-4.92,#N/A,2.48,#N/A,-13.57,-0.51,8.91,0.91,3.85,7.98,0.32,-4.16,1.48,42.38,-4.71,-0.57,#N/A,0.42,6.20,4.67,2.52,#N/A,#N/A,4.75,5.75,14.80,0.98,1.22
04-Jul-14,1.13,1.19,3.92,4.40,3.81,#N/A,8.07,#N/A,4.53,3.22,3.62,3.08,4.89,38.47,2.42,6.19,#N/A,4.91,#N/A,12.13,6.04,2.71,2.49,5.59,12.86,54.55,13.74,8.01,-3.88,-3.09,1.98,6.11,0.34,1.14,#N/A,0.13,3.84,8.06,18.88,#N/A,6.06,#N/A,0.40,5.27,8.20,14.72,-1.92,-5.26,3.21,0.55,5.35,-0.48,6.18,-0.22,#N/A,13.74,5.34,7.25,3.93,#N/A,#N/A,-0.88,4.28,9.35,11.16,8.19
11-Jul-14,-5.56,-4.32,-8.90,-6.43,-14.09,#N/A,-2.63,#N/A,-1.96,-9.73,-11.35,-8.86,1.19,-5.13,-2.71,-3.46,#N/A,0.99,#N/A,-10.37,1.46,-10.38,-2.16,-10.27,0.38,-2.65,-10.06,-4.77,-5.05,-4.73,-3.63,-4.52,-7.23,-14.47,#N/A,-7.44,-3.16,-12.97,-9.98,#N/A,-8.00,#N/A,9.25,-12.76,-14.81,-6.16,-14.06,-6.93,-7.67,0.58,-7.71,-15.33,-1.22,-6.93,#N/A,-2.98,-4.31,4.64,-5.34,#N/A,#N/A,-3.08,-14.23,-16.29,-8.46,-7.76
18-Jul-14,17.09,2.12,2.57,5.64,8.54,#N/A,5.46,#N/A,-0.96,6.66,2.31,-0.21,-3.83,16.47,1.19,1.44,#N/A,-2.24,#N/A,1.53,3.69,7.69,-0.20,5.17,11.10,-3.83,5.38,4.93,5.38,1.40,0.64,5.38,0.34,3.52,#N/A,4.63,3.12,23.28,26.01,#N/A,0.21,#N/A,2.91,2.96,8.31,3.03,6.06,5.22,3.11,-8.23,1.20,2.71,-9.27,5.52,#N/A,2.01,2.94,-0.03,1.93,#N/A,#N/A,3.64,-1.51,10.47,6.19,2.81
25-Jul-14,2.83,-1.95,12.47,7.36,8.07,#N/A,-5.07,#N/A,-3.01,-5.93,-2.60,0.53,4.43,1.90,0.85,0.03,#N/A,3.84,#N/A,7.30,0.32,0.04,-0.41,12.10,3.15,-4.16,17.52,-2.48,15.17,-0.96,-15.77,8.37,-5.19,-0.21,#N/A,-2.60,3.91,2.11,#N/A,#N/A,-6.61,#N/A,0.64,-2.70,-1.95,8.23,-10.14,-3.87,-0.91,-2.79,-1.10,-0.25,1.18,-0.37,#N/A,4.15,2.36,5.13,12.58,#N/A,#N/A,-0.15,7.92,-8.45,0.86,27.90
01-Aug-14,1.19,-0.23,0.90,-2.54,-0.19,#N/A,-3.08,#N/A,-0.16,1.95,-3.14,-0.21,-2.86,18.53,-0.49,-0.08,#N/A,0.38,#N/A,-0.11,-0.77,-2.39,0.57,6.51,2.01,-4.62,21.51,-4.20,30.48,-3.33,0.72,-4.46,4.00,-4.04,#N/A,6.68,3.19,-3.70,#N/A,#N/A,-5.09,#N/A,-2.12,-0.37,-7.92,1.33,-8.74,-2.44,-2.91,4.24,0.41,-2.69,-1.94,1.90,#N/A,3.97,-2.01,-1.33,-7.23,#N/A,#N/A,6.69,-0.26,1.38,-2.13,-11.10
08-Aug-14,12.39,-0.48,-9.11,3.02,0.38,#N/A,1.13,#N/A,-2.71,2.07,-1.33,-3.70,0.55,-8.88,-1.36,0.32,#N/A,0.88,#N/A,-4.84,-4.04,-1.76,0.28,-3.09,0.45,19.65,11.49,-2.62,-8.39,13.89,-4.53,9.03,-9.06,2.88,#N/A,1.00,-0.42,2.00,-5.64,#N/A,-2.56,#N/A,-6.63,-2.60,-11.31,-3.33,-1.92,-1.83,-0.72,0.41,18.34,-5.79,7.29,-4.67,#N/A,4.06,1.38,-1.25,-3.78,#N/A,#N/A,0.16,3.06,-5.28,2.86,4.69
14-Aug-14,-1.56,13.05,-0.91,-2.53,-0.76,#N/A,11.72,#N/A,-5.15,6.26,0.32,2.96,1.36,9.63,2.63,-2.57,#N/A,-1.01,#N/A,1.03,-2.50,-0.39,-0.18,7.10,-0.41,3.48,-15.82,-1.91,-0.65,13.46,3.56,11.23,-8.35,-3.23,#N/A,-0.62,1.95,31.17,#N/A,#N/A,22.49,#N/A,10.10,0.00,5.48,-1.95,-7.99,-0.03,1.00,2.51,-7.29,-2.71,0.01,0.00,#N/A,-7.12,-1.53,7.21,2.53,#N/A,#N/A,-0.51,-1.66,-0.69,0.10,-3.29
22-Aug-14,8.15,6.83,6.34,10.04,34.30,#N/A,0.25,#N/A,0.45,5.81,2.97,0.96,10.28,14.77,11.18,6.48,#N/A,2.68,#N/A,7.37,-6.86,4.40,-0.13,2.25,14.67,48.71,23.51,1.00,12.85,4.90,3.68,3.99,7.51,28.51,#N/A,7.87,5.78,14.35,#N/A,#N/A,33.40,#N/A,8.60,47.81,5.28,0.33,2.90,7.81,4.02,7.11,-0.58,13.10,-1.34,-0.37,#N/A,4.96,0.70,5.25,13.78,#N/A,#N/A,5.85,2.78,5.51,2.80,4.43
28-Aug-14,0.02,3.28,-0.73,-6.74,15.49,#N/A,3.73,#N/A,-4.04,0.83,-1.93,1.27,-2.06,4.35,3.25,0.29,#N/A,4.42,#N/A,8.13,4.41,1.22,-0.25,-0.38,-0.35,5.57,10.71,-0.60,1.93,1.07,0.45,-1.06,-2.07,1.21,#N/A,7.29,2.87,-1.10,-4.34,#N/A,9.22,#N/A,-0.86,-5.15,6.14,-2.92,-8.07,0.32,1.72,-3.48,-2.36,-0.35,-1.53,0.88,#N/A,-2.00,-0.45,-0.26,4.03,#N/A,#N/A,5.78,2.29,0.15,2.56,-2.07
05-Sep-14,-0.60,5.78,1.81,9.87,6.71,#N/A,-1.19,#N/A,-2.02,1.52,7.18,13.23,5.60,1.67,8.36,5.78,#N/A,0.86,#N/A,-1.60,3.36,-1.62,0.71,8.16,8.66,-9.66,23.68,10.54,7.59,-2.19,5.86,7.60,1.55,-1.88,#N/A,8.31,3.21,8.12,12.08,#N/A,27.48,#N/A,19.64,12.91,13.44,11.33,-0.41,-0.32,2.16,6.61,8.53,8.79,1.47,13.93,#N/A,2.79,4.61,0.38,7.39,#N/A,#N/A,7.07,3.28,-2.13,3.46,13.81
12-Sep-14,6.15,22.30,7.81,17.35,15.95,#N/A,0.85,#N/A,-1.31,7.80,0.02,30.27,0.28,9.62,9.91,6.41,#N/A,-0.52,#N/A,1.63,17.28,3.05,0.10,-0.53,-3.29,6.56,18.53,15.45,9.83,2.07,3.78,4.40,2.41,4.89,#N/A,13.65,2.33,25.63,27.45,#N/A,27.23,#N/A,3.56,-0.60,14.86,0.99,8.81,-1.56,6.97,0.94,2.70,9.75,1.89,12.35,#N/A,4.72,6.40,-6.05,-3.51,#N/A,#N/A,-2.25,6.42,18.00,6.58,8.51
19-Sep-14,-3.78,-7.53,-0.46,1.08,27.71,#N/A,-1.49,#N/A,-0.90,-3.08,1.72,-13.28,1.00,-1.01,2.49,-2.42,#N/A,8.69,#N/A,-3.87,12.89,0.99,-0.19,-3.32,21.02,10.19,-5.23,-3.06,-6.90,0.00,-4.73,-5.94,-0.72,-0.50,#N/A,-4.91,3.11,-7.55,-11.58,#N/A,27.19,#N/A,2.23,0.85,13.39,-3.51,-4.90,21.33,6.90,3.46,-0.63,-2.29,-4.51,-5.34,#N/A,-3.99,-1.53,0.12,-2.51,#N/A,#N/A,-2.69,-5.87,-5.61,13.97,-3.74
26-Sep-14,1.25,0.89,-0.03,-11.79,-14.07,#N/A,-5.31,#N/A,-6.17,1.54,-2.19,-4.80,1.66,-18.41,-2.60,0.20,#N/A,0.27,#N/A,-8.11,4.41,-5.28,8.16,-7.57,-11.81,-12.96,-15.29,2.42,0.14,-0.08,-3.86,-4.64,-10.08,-8.86,#N/A,-3.50,-1.54,-5.25,-7.67,#N/A,-5.72,#N/A,-8.91,-8.40,-8.58,-3.68,-13.66,-13.73,-8.15,-1.60,-2.02,-0.39,11.86,-2.40,#N/A,-1.38,-10.71,0.03,-4.87,#N/A,#N/A,2.02,-4.68,-10.17,0.88,-4.78
01-Oct-14,-0.42,5.20,-0.26,2.45,3.48,#N/A,2.24,#N/A,2.27,9.61,0.47,0.34,0.23,7.72,1.92,4.13,#N/A,-0.83,#N/A,3.24,-5.02,0.09,3.56,2.09,6.48,0.86,9.40,-1.91,-0.07,-0.16,4.45,4.44,-1.12,-6.24,#N/A,-3.82,0.54,-0.85,#N/A,#N/A,-14.13,#N/A,9.51,-2.36,1.31,5.10,-5.96,-4.57,8.43,-0.25,1.11,5.83,-1.42,6.69,#N/A,10.86,10.94,6.61,4.77,#N/A,#N/A,2.13,1.01,-1.29,1.82,3.06
10-Oct-14,-1.97,-2.53,-1.66,-3.09,-9.02,#N/A,-5.52,#N/A,-1.82,-2.82,-3.15,-0.43,1.12,-11.84,-4.99,-1.31,#N/A,-6.27,#N/A,2.86,-3.53,-0.09,-2.91,1.09,-4.26,-3.21,-9.89,0.58,-2.29,-0.33,-5.16,3.85,-4.81,0.00,#N/A,-8.84,-4.26,-7.57,#N/A,#N/A,-1.61,#N/A,-9.17,-2.28,-0.19,-4.46,-3.41,-0.12,-3.04,-6.05,-1.30,-2.55,-0.07,-7.72,#N/A,-6.37,6.57,-4.84,-1.06,#N/A,#N/A,-4.19,-1.54,-4.30,-2.01,-4.14
17-Oct-14,-6.19,-3.32,-1.29,-7.35,-7.48,#N/A,-2.71,#N/A,-4.55,-2.54,-3.29,0.17,0.15,-8.61,0.33,-3.10,#N/A,-2.52,#N/A,-1.74,-3.70,-0.56,-0.78,-0.08,-8.17,-12.43,2.58,-3.49,1.24,-0.90,-7.46,-7.08,3.41,8.81,#N/A,2.61,1.13,1.02,#N/A,#N/A,-0.08,#N/A,-7.63,-6.87,-5.94,-6.77,-4.29,-6.85,-4.44,-4.55,0.31,-3.37,-0.32,-2.18,#N/A,-3.91,-12.70,-2.56,-3.09,#N/A,#N/A,-3.19,2.51,-6.13,-6.72,-5.34
23-Oct-14,-0.36,0.72,9.01,0.86,-1.89,#N/A,4.33,#N/A,-1.21,5.45,3.00,2.22,3.97,23.41,5.78,5.87,#N/A,4.44,#N/A,0.96,3.00,1.25,0.43,0.71,3.14,6.94,-7.33,2.55,2.51,-0.82,6.05,3.56,5.18,0.54,#N/A,2.02,3.60,-0.18,#N/A,#N/A,-0.49,#N/A,13.59,4.28,6.50,3.38,1.85,3.41,3.59,2.81,1.52,-11.47,2.57,6.62,#N/A,4.19,-1.57,1.54,2.30,#N/A,#N/A,5.09,-7.92,8.16,3.46,2.73
31-Oct-14,3.48,-0.56,3.88,1.15,0.43,#N/A,4.33,#N/A,3.55,0.45,-6.75,11.12,1.76,-5.79,6.15,3.39,#N/A,3.51,#N/A,5.58,-2.72,3.45,0.25,0.55,2.00,1.77,2.35,-0.35,3.00,0.75,0.64,4.14,-9.07,-0.89,#N/A,3.23,-1.61,16.53,8.74,#N/A,-0.82,#N/A,-0.69,5.94,1.40,-0.86,-1.30,-3.33,3.14,15.32,-2.49,-1.92,-1.73,-0.32,#N/A,-0.14,2.09,4.37,2.27,#N/A,#N/A,2.78,-3.59,3.07,1.11,1.06
07-Nov-14,7.91,8.71,0.53,-1.53,-1.81,#N/A,4.18,#N/A,-1.60,6.41,1.54,2.26,6.29,-0.49,-2.47,-6.30,#N/A,7.45,#N/A,-2.24,0.70,-1.52,2.83,10.89,-3.67,3.77,2.70,-1.34,5.66,-0.99,-10.01,-2.04,-6.01,-4.69,#N/A,2.82,3.70,-1.74,10.49,#N/A,14.81,#N/A,-3.53,11.48,-9.00,4.77,16.01,2.02,1.16,0.57,0.92,-3.17,4.73,5.62,#N/A,0.50,1.32,5.45,-1.21,#N/A,#N/A,6.55,10.50,1.26,0.47,3.33
14-Nov-14,4.30,-3.56,10.59,32.43,4.02,#N/A,-4.73,#N/A,0.99,8.73,-2.90,-1.84,3.74,8.63,-6.42,-1.96,#N/A,1.02,#N/A,-0.36,-3.43,-4.14,2.25,-3.27,0.98,-5.31,3.92,2.43,-4.83,24.67,3.15,-3.22,0.95,-0.76,#N/A,27.55,1.73,-3.23,-16.77,#N/A,-13.40,#N/A,-0.28,-8.62,2.74,-1.93,2.94,-2.66,-0.41,0.65,-3.24,-0.52,0.15,-4.82,#N/A,2.13,3.45,-0.58,-2.71,#N/A,#N/A,-0.55,1.95,-10.85,-5.73,0.18
21-Nov-14,1.49,4.93,12.53,-3.48,-3.24,#N/A,8.27,#N/A,-2.67,-0.66,3.60,-1.72,1.15,-3.23,3.00,1.00,#N/A,2.86,#N/A,-0.72,-6.45,-4.71,2.83,6.15,-0.36,3.83,11.73,6.21,1.29,-1.14,-2.17,-5.39,0.25,19.66,#N/A,24.44,1.37,5.00,13.70,#N/A,-5.82,#N/A,-2.06,8.26,-4.34,-2.69,-1.32,-1.78,1.64,3.96,-1.02,0.26,5.85,-7.39,#N/A,-0.94,6.90,-4.98,-1.68,#N/A,#N/A,6.88,4.32,-0.46,3.78,3.89
28-Nov-14,-3.20,3.98,-0.92,6.41,-6.26,#N/A,-2.71,#N/A,-0.47,-1.86,-0.45,10.14,-0.79,4.26,1.25,-0.38,#N/A,2.04,#N/A,-2.95,-4.63,-1.92,-0.23,0.07,-0.19,-3.98,-10.06,-3.50,-1.00,-33.87,2.55,3.18,-2.61,40.35,#N/A,4.63,1.16,-7.30,-6.12,#N/A,-13.78,#N/A,0.33,-9.56,3.10,1.80,-6.01,-1.97,5.73,-4.24,-0.99,-0.62,-1.12,16.34,#N/A,-3.89,12.72,-0.33,-2.54,#N/A,#N/A,2.79,-2.89,-11.35,-5.24,3.37
05-Dec-14,0.86,3.81,7.58,23.25,6.67,#N/A,-0.63,#N/A,2.23,2.82,1.53,-2.42,3.63,-2.10,1.87,-2.09,#N/A,-5.76,#N/A,4.54,0.73,-1.73,8.93,-0.02,-1.36,-2.37,9.18,0.89,1.54,-0.82,6.30,3.52,0.22,1.82,#N/A,2.48,-0.46,-2.23,2.36,#N/A,0.10,#N/A,8.43,-0.67,4.68,4.63,10.66,3.50,10.68,3.38,8.21,3.93,-2.84,8.55,#N/A,1.75,11.92,-2.17,6.02,#N/A,#N/A,8.86,6.69,-1.84,-2.80,19.43
12-Dec-14,-2.53,-5.24,6.44,-1.28,-8.31,#N/A,-1.61,#N/A,-3.03,3.09,-1.86,-6.81,-1.57,-3.58,-1.07,0.55,#N/A,-0.62,#N/A,-0.10,-6.59,-2.66,-2.55,-1.49,-4.70,-8.18,-4.97,3.19,-2.99,-0.41,1.51,-3.52,-3.68,-9.93,#N/A,-12.44,-1.58,-7.88,1.63,#N/A,-11.87,#N/A,0.12,-8.36,-3.39,-1.91,-0.64,2.84,3.53,-4.83,-1.47,-6.75,-2.72,-3.97,#N/A,-0.19,-1.77,2.52,-1.19,#N/A,#N/A,-4.66,2.62,-4.75,-3.28,4.65
19-Dec-14,2.56,-2.85,-13.62,-8.62,-8.71,#N/A,2.25,#N/A,-2.84,-4.71,-4.42,-2.21,-4.20,-2.22,-3.48,-0.09,#N/A,-5.19,#N/A,-0.23,7.12,0.49,-4.16,-7.01,0.73,2.97,-8.22,-2.78,0.09,-13.87,-3.82,-6.54,-5.06,1.61,#N/A,-1.32,-2.25,18.16,-6.20,#N/A,-2.09,#N/A,-8.46,-1.76,3.55,-2.92,-2.59,2.82,0.76,0.94,-3.55,-6.97,-1.76,-3.62,#N/A,15.96,-3.32,-3.89,-6.82,#N/A,#N/A,-2.34,-0.04,-2.81,-0.57,-13.36
26-Dec-14,-2.68,5.30,2.09,-3.15,-2.06,#N/A,-3.34,#N/A,-0.25,-0.96,-3.85,-1.95,3.90,-6.17,0.82,-0.77,#N/A,-2.15,#N/A,5.30,-4.86,4.47,4.48,3.79,7.18,-7.05,-5.88,1.58,0.29,1.20,3.21,-0.88,-2.97,-6.22,#N/A,-5.00,-0.84,-0.16,1.35,#N/A,6.05,#N/A,0.67,-2.10,0.21,-1.66,14.16,-10.83,-0.65,0.73,-0.83,4.59,4.55,-2.13,#N/A,1.31,1.58,0.24,1.07,#N/A,#N/A,3.99,-1.89,-8.45,-0.51,7.67
02-Jan-15,21.22,9.43,-2.79,3.27,16.05,#N/A,0.05,#N/A,9.75,3.56,2.70,5.64,3.26,6.27,1.20,3.80,#N/A,2.80,#N/A,0.87,3.01,3.63,0.51,-1.41,4.71,15.86,11.01,8.53,9.64,2.85,-0.80,3.78,17.30,20.68,#N/A,12.49,1.87,11.60,16.84,#N/A,16.89,#N/A,12.45,7.49,11.57,4.55,-3.68,3.28,8.94,3.41,1.20,2.33,1.57,5.03,#N/A,13.10,5.61,1.81,6.16,#N/A,#N/A,9.52,-0.10,16.18,8.91,5.19
09-Jan-15,5.82,6.62,0.17,-4.64,5.10,#N/A,-0.59,#N/A,-1.74,3.46,-3.05,1.80,3.73,6.28,0.35,-2.96,#N/A,-1.66,#N/A,-2.47,-2.85,-4.44,1.88,-4.36,-1.81,-4.76,-1.91,-2.33,1.76,17.90,1.56,-1.76,9.14,8.08,#N/A,6.99,-0.92,-2.02,-4.80,#N/A,1.15,#N/A,-7.87,-5.12,1.84,-2.02,1.61,-6.59,2.06,0.30,4.89,0.22,-0.42,-0.59,#N/A,5.23,-3.47,0.45,4.39,#N/A,#N/A,-0.51,-2.61,-3.87,-1.90,3.90
16-Jan-15,4.09,-3.36,6.90,-0.15,-2.27,#N/A,5.70,#N/A,-0.97,-1.37,3.48,15.58,-3.24,-0.65,2.32,0.65,#N/A,3.69,#N/A,-1.80,10.64,-0.75,0.43,-1.67,1.65,8.13,-6.74,-2.21,-5.02,5.09,-3.52,-0.57,-3.08,-7.38,#N/A,21.81,0.67,-7.15,2.84,#N/A,-5.01,#N/A,8.61,-1.20,-0.68,-1.00,0.59,-0.25,-7.21,0.49,1.78,7.80,-3.68,-1.00,#N/A,18.33,-0.08,2.55,-0.75,#N/A,#N/A,-6.92,-1.42,-4.95,-3.65,-3.86
23-Jan-15,4.73,-0.85,-2.81,1.15,-3.09,#N/A,8.90,#N/A,1.22,1.94,-3.98,5.30,0.78,-0.41,4.29,-1.90,#N/A,1.96,#N/A,1.22,-1.49,7.62,4.53,0.60,-0.07,-3.18,8.74,0.46,2.61,-7.74,-10.30,-1.95,11.85,0.11,#N/A,-3.49,4.22,-4.60,-0.92,#N/A,-2.29,#N/A,-10.74,10.47,-2.31,1.37,-4.13,-1.23,2.07,-1.06,5.36,-0.20,0.82,0.07,#N/A,6.58,-0.38,8.58,68.36,#N/A,#N/A,3.90,-3.71,-2.45,0.80,8.45
30-Jan-15,9.59,-0.13,6.31,-1.03,0.00,#N/A,1.46,#N/A,0.21,6.00,0.35,17.60,-0.36,40.53,3.16,3.76,#N/A,-3.22,#N/A,5.09,3.70,0.26,1.46,-0.83,-2.10,-4.48,-7.79,-0.40,0.97,-3.94,-0.13,-2.96,4.26,-7.42,#N/A,4.37,6.38,3.66,1.86,#N/A,-7.24,#N/A,1.11,-4.12,-8.06,0.38,-1.23,-1.78,-4.43,-0.10,4.46,1.31,-3.86,-0.44,#N/A,-4.84,1.02,-0.84,-1.56,#N/A,#N/A,-3.69,-0.74,-3.28,-3.50,7.66
06-Feb-15,-1.32,0.17,-2.46,14.00,-6.83,#N/A,-3.12,#N/A,-0.41,-11.13,-0.54,8.00,-10.68,-6.47,-5.87,-8.11,#N/A,-5.85,#N/A,-4.30,2.31,-0.31,-2.89,2.49,-1.30,-2.19,3.12,-4.33,-2.08,-1.26,-3.44,-0.37,-6.60,-1.51,#N/A,-5.04,-1.06,-8.35,-10.64,#N/A,4.62,#N/A,-0.72,-3.01,-24.80,-8.50,-7.48,-1.70,-1.53,0.05,-9.52,18.18,1.07,-3.47,#N/A,-2.20,-7.12,1.38,0.84,#N/A,#N/A,-2.07,-7.16,-3.07,3.51,2.38
13-Feb-15,8.31,0.17,7.62,-15.22,1.71,#N/A,1.93,#N/A,0.43,0.83,9.24,6.07,8.81,26.17,1.97,3.38,#N/A,9.46,#N/A,-1.86,-2.86,22.26,-0.91,3.81,-1.59,-4.79,-0.79,-1.61,1.27,-10.01,10.47,2.85,-4.80,-11.56,#N/A,11.11,7.11,14.54,-3.74,#N/A,20.17,#N/A,2.37,0.15,-4.04,2.42,1.35,-1.77,3.33,2.27,0.23,-1.01,4.08,-0.52,#N/A,7.52,1.29,1.16,17.06,#N/A,#N/A,6.74,4.50,3.50,-5.58,23.11
20-Feb-15,2.90,-1.46,0.68,-3.50,-1.20,#N/A,3.10,#N/A,-1.74,-5.41,-1.32,-1.80,0.62,14.38,0.97,2.21,#N/A,1.97,#N/A,-0.77,-8.34,5.15,-2.85,2.67,0.69,-5.30,-0.57,3.04,-1.55,-4.97,-0.34,-1.72,5.67,-3.07,#N/A,-20.81,0.71,-2.52,-7.07,#N/A,-6.64,#N/A,-1.13,-5.31,1.98,3.20,11.75,2.18,-4.27,1.72,-2.23,-3.44,-1.14,1.86,#N/A,-7.23,4.73,-2.62,-1.74,#N/A,#N/A,-2.82,0.70,-5.03,5.47,-3.71
27-Feb-15,-4.58,-3.89,0.70,-2.47,-4.99,#N/A,-2.38,#N/A,-5.40,-2.33,-4.82,-2.11,-4.55,-7.38,-0.79,0.45,#N/A,-3.73,#N/A,1.43,-3.77,10.03,-2.53,-0.90,-3.88,-0.64,-1.15,-80.54,-2.39,-8.47,-2.21,-0.13,-1.88,-2.61,#N/A,-11.04,2.79,-7.29,-7.60,#N/A,2.15,#N/A,-2.50,-12.31,-7.53,-4.98,-3.37,-3.31,1.17,4.56,-2.38,-2.02,-4.58,0.68,#N/A,-4.75,-0.95,-3.89,-0.12,#N/A,#N/A,-6.34,1.83,0.00,-3.29,8.04
13-Mar-15,18.89,1.27,14.91,11.76,-0.13,#N/A,5.79,#N/A,17.93,10.97,0.91,26.43,3.40,26.38,5.22,4.38,#N/A,3.02,#N/A,0.64,-2.33,-3.92,6.72,7.90,15.38,-5.49,34.72,-9.97,13.21,-11.16,10.14,-0.84,3.83,-0.42,#N/A,-1.15,8.05,-2.88,0.82,#N/A,14.76,#N/A,64.09,30.55,15.26,-2.07,-10.06,-7.52,5.99,-6.31,9.50,-5.48,0.68,10.66,#N/A,17.76,17.49,15.12,33.83,#N/A,#N/A,4.28,-3.79,19.19,12.17,13.18
20-Mar-15,-6.54,-1.00,-63.83,-0.88,-8.33,#N/A,2.30,#N/A,-5.60,0.97,1.89,-6.15,1.55,-4.56,-0.59,1.87,#N/A,1.64,#N/A,-0.16,-0.60,-2.30,-1.94,-1.27,-2.15,-8.38,1.91,0.08,-0.14,-11.49,3.27,6.86,-4.11,-8.94,#N/A,2.46,1.47,-2.35,6.37,#N/A,-8.55,#N/A,-12.22,1.90,-3.39,-4.98,-8.22,-6.98,1.57,4.47,0.33,22.89,-1.36,0.19,#N/A,-4.03,0.51,1.48,-8.86,#N/A,#N/A,3.52,-1.39,7.01,-7.18,1.82
27-Mar-15,-55.96,5.55,6.27,-6.34,-6.99,#N/A,-3.66,#N/A,-2.82,4.00,-2.03,-6.40,3.39,2.46,-0.88,-0.74,#N/A,-0.41,#N/A,-6.27,-7.83,8.32,0.77,-6.96,-90.41,-10.96,-9.80,-2.75,-0.40,-2.08,-14.89,-2.82,-5.87,-17.76,#N/A,-1.58,2.60,-2.14,-10.90,#N/A,-11.70,#N/A,8.32,-10.15,-7.37,-2.90,-8.71,-9.63,-1.27,-2.97,-2.13,20.02,-1.12,-10.23,#N/A,0.90,2.16,-1.60,1.27,#N/A,#N/A,0.50,-8.49,-7.72,-6.40,0.59
10-Apr-15,31.18,-1.03,14.53,44.86,17.89,#N/A,2.58,#N/A,11.92,11.38,9.85,18.06,8.80,40.10,0.89,8.14,#N/A,11.29,#N/A,14.07,8.54,8.96,1.55,12.63,12.55,55.23,51.98,13.25,9.82,1.94,2.57,14.03,13.94,42.23,#N/A,3.53,0.48,23.06,12.83,#N/A,37.98,#N/A,17.80,13.52,14.36,6.48,20.98,72.63,7.72,5.68,8.24,4.83,4.47,15.77,#N/A,4.19,9.62,10.67,6.16,#N/A,#N/A,9.48,9.12,9.35,10.48,3.30
17-Apr-15,-5.63,0.40,3.60,4.54,-1.40,#N/A,-5.08,#N/A,-2.31,-0.48,-0.34,-3.50,-3.77,-17.57,-2.82,-2.55,#N/A,-3.92,#N/A,-5.45,0.40,-6.32,-1.78,-0.72,7.97,6.20,2.56,2.42,-6.50,0.17,0.18,8.27,-1.50,-17.58,#N/A,13.07,-9.97,-2.30,8.78,#N/A,20.50,#N/A,-5.69,-3.93,8.46,7.02,-3.15,-10.70,-1.75,3.66,-4.97,-6.33,-2.81,8.08,#N/A,-3.79,-5.12,-7.26,-5.67,#N/A,#N/A,2.75,4.50,-4.18,2.86,-10.28
24-Apr-15,-11.76,-2.31,-6.50,-10.14,-6.73,#N/A,-2.19,#N/A,-8.07,-3.64,-4.55,-5.70,1.55,-0.33,-6.25,-6.18,#N/A,-4.53,#N/A,-3.59,-2.98,-6.74,-5.44,3.09,-10.08,-6.96,-3.24,-5.21,2.86,72.15,-0.10,-6.46,-9.53,8.72,#N/A,-10.85,-0.58,-13.34,7.58,#N/A,-6.07,#N/A,-17.39,-8.04,-5.82,-7.31,-8.84,-10.40,-5.34,0.56,-7.32,-6.75,-3.04,-4.30,#N/A,-7.81,-7.57,-8.63,-12.11,#N/A,#N/A,-5.08,-5.80,-6.98,-4.65,-4.22
08-May-15,2.30,-2.32,-4.87,-11.36,-1.80,#N/A,-8.43,#N/A,-2.01,-0.06,-2.52,-9.82,-4.57,-7.55,2.49,-2.88,#N/A,-3.92,#N/A,-0.75,-9.22,4.31,3.35,-6.33,-3.05,-5.91,-8.02,-3.35,-8.37,-1.91,-4.66,-4.67,12.31,-4.31,#N/A,-3.07,0.72,-0.61,-11.61,#N/A,-11.34,#N/A,7.14,-4.15,-4.88,2.14,3.83,-7.78,1.24,3.00,-3.06,1.41,0.56,-4.96,#N/A,-0.80,-4.03,-0.80,-7.14,#N/A,#N/A,-0.97,-3.11,-2.24,-2.64,-20.90
15-May-15,0.65,0.76,1.97,6.75,-2.40,#N/A,5.18,#N/A,3.51,5.16,1.76,3.57,0.14,-1.83,4.64,4.23,#N/A,4.25,#N/A,0.69,-0.23,-2.09,1.75,7.77,-2.80,-1.92,-0.38,-1.40,8.61,-3.28,5.86,6.56,-1.53,-3.73,#N/A,5.39,-4.92,3.17,2.95,#N/A,12.50,#N/A,11.08,7.88,-0.08,4.45,0.98,16.65,-0.85,2.32,0.21,5.06,-1.28,3.95,#N/A,4.93,5.69,0.66,0.76,#N/A,#N/A,4.56,0.75,-2.43,-2.51,1.76
22-May-15,-2.02,0.67,8.89,2.78,2.60,#N/A,5.19,#N/A,-3.43,0.77,1.45,1.51,3.91,-5.48,-1.45,2.87,#N/A,4.22,#N/A,3.40,1.90,6.83,-1.26,-1.64,0.88,-1.31,-2.07,1.27,3.31,1.06,-1.94,3.55,2.06,-1.29,#N/A,0.06,3.06,-0.26,1.08,#N/A,-19.37,#N/A,-0.42,2.58,2.78,-2.99,-1.95,-0.59,3.03,-1.11,3.15,3.89,3.16,9.04,#N/A,0.85,11.56,6.01,8.75,#N/A,#N/A,-1.23,-0.85,2.27,-0.30,8.89
29-May-15,-1.77,4.67,12.08,-5.20,-2.40,#N/A,-7.37,#N/A,11.49,0.95,0.82,2.82,7.24,3.74,-3.50,-1.48,#N/A,-2.92,#N/A,-2.37,-2.75,2.77,0.95,-0.88,-2.16,-2.65,4.41,-5.40,4.96,1.15,0.60,0.15,1.87,-6.70,#N/A,1.68,5.55,5.73,81.21,#N/A,-1.18,#N/A,-3.56,-5.73,-2.62,12.28,-1.99,-3.51,-0.23,-3.71,-3.26,-3.18,6.26,6.77,#N/A,9.17,5.66,-3.74,-1.53,#N/A,#N/A,-2.11,-3.32,-3.18,-2.61,1.42
05-Jun-15,-10.34,-2.26,-1.23,-6.40,-6.65,#N/A,-1.28,#N/A,-4.51,-4.60,-1.56,-7.49,-4.35,-8.88,-4.12,-1.28,#N/A,-3.25,#N/A,-0.87,8.45,-8.89,-1.02,-3.89,-1.25,-7.62,-3.27,-5.55,-7.46,-2.07,-2.52,-3.47,-0.37,-3.15,#N/A,-10.05,-3.29,-3.24,-22.11,#N/A,-13.71,#N/A,-4.96,-7.56,-3.25,-3.23,-7.85,-11.93,-6.10,3.70,-2.91,14.44,-3.69,0.08,#N/A,-8.62,-7.16,-12.14,-8.78,#N/A,#N/A,1.49,-2.50,5.80,-21.66,-5.10
12-Jun-15,-7.81,-1.61,-6.61,-5.70,-4.02,#N/A,-1.72,#N/A,19.73,-2.61,0.23,-3.83,-3.00,1.33,-6.49,-1.86,#N/A,-2.94,#N/A,-4.51,-1.85,-3.18,1.21,4.39,-5.92,-5.96,-6.25,1.16,-3.39,22.54,0.41,-2.84,-1.79,-6.33,#N/A,-2.30,-2.96,-3.60,-12.56,#N/A,7.11,#N/A,-3.89,-6.09,0.32,21.90,0.55,-3.35,-6.76,-4.99,4.51,-9.23,1.19,-1.31,#N/A,-6.86,-4.85,-4.10,3.41,#N/A,#N/A,3.71,-4.29,-11.90,-26.29,-4.14
19-Jun-15,16.86,0.23,3.13,5.90,27.10,#N/A,6.16,#N/A,9.41,6.37,4.88,5.80,2.98,9.67,4.10,3.54,#N/A,1.88,#N/A,2.64,-0.39,10.62,2.00,11.89,9.70,-0.23,13.38,1.39,2.06,15.72,5.92,1.20,-1.23,7.14,#N/A,12.38,5.66,1.91,-6.32,#N/A,8.79,#N/A,8.42,11.26,1.26,2.67,4.92,0.89,3.19,-0.76,-0.27,6.13,1.20,1.29,#N/A,6.29,5.45,4.03,2.56,#N/A,#N/A,4.65,4.35,6.63,-1.26,6.16
26-Jun-15,0.38,1.61,4.03,-0.60,-0.13,#N/A,4.73,#N/A,-1.40,5.37,-0.85,-0.51,-3.50,-4.97,1.99,0.28,#N/A,4.23,#N/A,-0.33,-0.95,5.23,-0.44,-0.21,-4.10,27.16,0.68,2.50,1.71,8.81,6.07,6.80,1.25,-1.44,#N/A,-3.89,1.13,1.11,-2.15,#N/A,-4.68,#N/A,0.48,1.53,1.24,-5.04,11.46,1.44,0.71,-0.40,-2.57,7.20,-0.42,4.91,#N/A,-2.51,-3.97,2.45,-1.42,#N/A,#N/A,0.08,0.72,10.68,-0.80,2.07
03-Jul-15,4.30,-0.77,1.54,0.34,-2.03,#N/A,-0.47,#N/A,-1.61,-0.90,1.90,35.80,5.97,6.49,1.99,1.75,#N/A,1.68,#N/A,4.01,3.48,-3.52,1.83,3.72,1.40,-5.86,2.68,-2.36,-1.01,12.48,-4.32,-2.21,0.09,9.14,#N/A,0.93,3.46,18.69,1.57,#N/A,1.41,#N/A,4.62,0.15,6.64,-1.36,-3.74,1.97,-1.70,4.07,0.37,8.44,4.14,11.44,#N/A,1.30,2.11,0.43,0.52,#N/A,#N/A,-1.27,1.99,-0.28,16.46,0.00
10-Jul-15,-3.12,2.24,0.78,3.23,19.07,#N/A,1.81,#N/A,0.06,2.37,-1.00,0.70,2.80,11.00,2.71,0.83,#N/A,4.49,#N/A,-1.00,-1.09,0.58,1.77,1.03,0.24,-0.98,10.67,4.27,0.30,3.29,-0.63,4.30,18.43,19.26,#N/A,3.40,-1.53,22.27,19.75,#N/A,4.43,#N/A,-2.79,10.86,13.99,7.34,5.10,-0.85,2.39,-2.38,-0.12,1.18,-2.53,4.07,#N/A,-0.01,5.65,3.49,5.77,#N/A,#N/A,0.35,14.97,16.28,14.60,2.74
17-Jul-15,4.07,2.15,4.66,18.58,-0.98,#N/A,2.37,#N/A,1.66,4.67,2.04,16.24,4.98,16.83,5.54,5.35,#N/A,3.68,#N/A,9.10,20.48,9.72,0.38,6.03,17.48,26.49,10.52,2.86,3.63,9.56,3.26,8.65,6.98,4.07,#N/A,6.27,5.51,3.60,-4.12,#N/A,1.65,#N/A,8.25,-1.50,11.86,5.33,-3.00,19.55,3.96,3.57,1.67,3.54,2.08,-2.00,#N/A,3.53,7.69,4.99,5.15,#N/A,#N/A,0.55,17.43,3.89,8.14,4.49
24-Jul-15,0.08,3.87,-6.75,-4.43,-0.33,#N/A,1.61,#N/A,-1.01,-51.66,-2.22,5.58,-3.45,-5.03,-0.89,-1.14,#N/A,0.69,#N/A,-1.46,-1.27,-2.75,-0.71,-3.72,10.28,24.08,-4.01,0.45,-3.37,13.15,-2.62,-0.97,5.85,-9.72,#N/A,13.03,-15.32,-2.24,-2.69,#N/A,1.54,#N/A,-5.36,-7.18,-5.39,-2.02,-1.67,-4.23,-0.14,-4.59,-2.29,-1.66,5.47,-2.99,#N/A,-4.30,-2.35,-11.69,-7.87,#N/A,#N/A,2.47,-2.06,-3.34,-2.35,-2.52
31-Jul-15,5.25,5.00,0.17,0.95,9.16,#N/A,-1.66,#N/A,0.06,3.20,-1.83,0.00,-1.46,0.38,4.56,0.38,#N/A,4.07,#N/A,0.39,-6.14,3.13,3.48,-3.92,5.42,13.71,-3.12,-4.11,-5.91,-4.29,-2.00,6.22,14.84,33.33,#N/A,13.32,1.41,18.96,-6.35,#N/A,5.32,#N/A,0.46,6.10,6.76,-1.63,-2.66,16.67,2.87,-1.01,2.18,-12.18,14.47,5.93,#N/A,0.04,-0.66,-1.56,0.44,#N/A,#N/A,5.35,-0.04,4.83,-1.18,4.68
07-Aug-15,-6.58,7.78,5.97,0.34,-0.71,#N/A,5.85,#N/A,3.24,1.94,2.36,-5.59,1.95,4.07,0.98,0.43,#N/A,4.75,#N/A,13.91,5.06,-0.05,4.41,-0.14,1.23,-5.01,-1.06,-2.34,1.42,-0.70,16.01,-10.24,8.85,-7.96,#N/A,0.88,-0.04,4.77,35.99,#N/A,9.60,#N/A,3.81,8.27,5.89,5.77,9.70,-0.70,8.81,1.55,7.57,-3.90,-3.82,-0.31,#N/A,22.03,4.26,3.49,0.10,#N/A,#N/A,3.18,-5.86,-2.39,4.36,2.18
14-Aug-15,-3.83,-0.08,0.00,-6.67,-6.62,#N/A,-5.48,#N/A,-4.32,-1.55,0.17,1.58,3.24,-3.10,3.40,10.77,#N/A,-0.02,#N/A,1.14,-3.44,-4.76,0.87,12.46,-2.91,-0.78,-3.32,-5.91,2.08,-27.96,3.98,3.92,20.37,-8.04,#N/A,10.52,5.86,-1.15,-15.40,#N/A,-2.44,#N/A,-3.46,1.42,2.42,-0.08,-8.84,-17.73,-2.51,-0.84,-5.88,-3.77,-0.14,-5.50,#N/A,-3.11,-1.76,5.57,-1.76,#N/A,#N/A,5.53,0.15,-6.35,0.89,6.95
21-Aug-15,-1.75,0.99,-1.20,1.31,-4.69,#N/A,-4.05,#N/A,1.68,5.73,-1.23,-10.80,-1.74,20.26,-5.83,11.90,#N/A,-0.39,#N/A,6.69,2.06,-3.38,-3.20,8.06,16.06,30.71,-2.11,-0.08,-1.43,2.50,4.47,4.81,7.20,-3.18,#N/A,14.40,4.52,-3.58,1.28,#N/A,2.50,#N/A,0.01,16.35,11.29,-1.78,-6.47,0.64,-1.48,-0.11,-1.03,2.51,0.25,-2.63,#N/A,6.85,3.46,4.38,3.21,7.42,#N/A,4.85,12.85,-2.61,8.51,-3.19
28-Aug-15,-9.29,-1.28,-12.79,-10.81,-7.09,#N/A,2.63,#N/A,0.19,-6.23,-4.80,-6.12,-1.34,-4.87,-5.39,-8.03,#N/A,-1.48,#N/A,-4.73,-5.92,-1.53,-5.63,-4.05,-5.98,-12.80,-10.83,-8.07,-4.65,-9.77,-7.82,-3.87,-4.38,-3.56,#N/A,-9.77,-0.68,-13.16,-7.09,#N/A,-11.59,#N/A,-1.45,-13.39,-3.08,-8.45,-6.38,-3.69,1.53,0.12,-7.07,-6.87,-3.40,10.78,#N/A,-12.99,-11.86,-5.68,-9.45,-5.01,#N/A,-1.82,-1.00,-14.94,-10.99,-18.25
04-Sep-15,-7.25,9.26,0.51,-4.04,-6.16,#N/A,-1.81,#N/A,1.22,-4.23,-3.15,4.28,-5.61,7.15,-1.57,-3.12,#N/A,-2.93,#N/A,3.29,-2.38,-9.96,-0.33,-12.56,-4.39,-8.64,-3.04,-4.07,1.26,1.13,-3.13,3.63,-5.95,-8.65,#N/A,-6.25,-0.19,-4.94,0.54,#N/A,-7.53,#N/A,-1.19,-7.22,2.35,0.21,-4.55,-3.53,0.26,-5.33,-0.85,-1.86,-1.79,2.02,#N/A,-4.38,-3.64,-2.98,-2.25,-0.11,#N/A,-1.45,5.86,-2.25,5.70,-6.75
11-Sep-15,3.62,3.19,-1.66,0.95,-1.71,#N/A,4.85,#N/A,-0.28,-2.09,1.92,4.96,-1.80,2.52,0.55,-1.15,#N/A,-1.25,#N/A,2.46,-2.92,5.80,-0.57,-2.70,0.04,0.57,-0.42,-0.48,1.31,7.36,-1.83,-1.92,-5.69,-0.31,#N/A,-0.65,-2.62,-0.53,-8.94,#N/A,-3.79,#N/A,-2.11,-1.91,17.80,-3.78,-0.89,2.14,-0.82,-3.63,-1.26,1.89,0.81,-0.18,#N/A,1.82,-3.52,-1.51,0.39,1.04,#N/A,-10.51,-2.15,2.15,5.71,9.85
18-Sep-15,2.04,4.68,2.69,4.48,2.80,#N/A,-0.47,#N/A,-1.80,-0.04,1.41,4.55,7.63,-0.03,0.12,3.88,#N/A,-0.09,#N/A,0.17,1.77,7.82,-0.24,1.66,3.51,10.90,0.42,1.45,-2.26,-0.28,-1.11,-1.59,7.86,6.07,#N/A,6.79,4.70,5.70,54.17,#N/A,8.04,#N/A,2.94,1.95,3.20,3.24,2.70,-0.15,11.67,-3.59,1.47,-0.64,5.87,16.74,#N/A,-2.80,3.77,7.04,1.72,-1.55,#N/A,-0.55,-2.87,-2.71,-1.80,-1.18
24-Sep-15,6.14,1.41,-1.67,0.70,4.94,#N/A,2.74,#N/A,0.22,4.87,-0.86,3.74,6.20,-3.79,-1.60,-49.88,#N/A,-0.75,#N/A,15.23,1.42,-2.44,0.92,-1.01,17.14,19.83,-2.07,3.05,-1.47,-1.94,4.19,0.26,12.26,3.67,#N/A,7.43,4.95,14.22,37.07,#N/A,8.22,#N/A,0.79,4.37,4.74,-3.11,-2.63,-2.40,0.64,4.90,-0.13,10.32,-0.04,3.52,#N/A,1.71,8.08,-1.52,2.89,-0.80,#N/A,-1.10,5.86,4.02,1.28,-0.10
01-Oct-15,1.46,0.18,5.93,8.56,5.07,#N/A,2.44,#N/A,-0.51,3.79,2.23,-1.13,3.00,-1.91,-1.27,0.39,#N/A,6.51,#N/A,1.09,4.79,-1.67,-0.83,3.29,-0.14,7.07,16.85,3.80,-4.89,16.15,-4.32,5.06,-1.15,-0.71,#N/A,3.78,5.91,2.82,1.41,#N/A,2.87,#N/A,7.00,5.10,16.88,0.67,-4.50,1.53,-4.31,3.84,1.95,1.17,-2.03,-5.09,#N/A,-1.00,-0.41,-0.06,-0.45,2.40,#N/A,6.68,4.57,1.04,13.43,11.59
09-Oct-15,1.69,0.65,-1.23,-1.52,0.35,#N/A,0.80,#N/A,1.07,2.33,-1.02,6.69,-80.58,-4.61,8.34,-2.60,#N/A,0.45,#N/A,8.49,4.46,-0.76,-0.82,-2.34,15.01,-6.87,-2.29,6.60,4.72,-0.12,-1.80,2.96,-0.24,-8.42,#N/A,10.03,-2.42,-0.09,-1.25,#N/A,-1.18,#N/A,1.29,10.71,-5.75,-0.93,4.72,6.12,-0.44,3.53,0.71,6.13,-2.54,-3.17,#N/A,2.65,1.09,1.75,-0.30,4.62,#N/A,2.12,2.95,4.56,1.54,1.55
16-Oct-15,-3.72,-3.22,1.14,-1.95,6.22,#N/A,-0.99,#N/A,0.52,1.92,1.81,-2.55,2.62,-1.31,-1.32,-2.43,#N/A,0.35,#N/A,-4.87,1.75,-4.25,0.11,0.59,-6.49,7.94,-2.08,12.80,-0.21,-0.79,6.46,4.39,4.47,-0.93,#N/A,-0.75,-0.05,-2.41,1.27,#N/A,10.29,#N/A,4.73,-1.35,-6.77,10.01,6.91,-2.42,-0.28,1.13,2.03,-0.05,-1.00,2.93,#N/A,-0.26,2.14,-1.89,-2.22,5.58,#N/A,-0.12,-1.06,22.50,0.00,2.76
23-Oct-15,-1.51,-0.23,3.53,0.60,-3.31,#N/A,-2.27,#N/A,4.40,2.89,-0.93,-4.60,5.79,-0.57,0.33,1.46,#N/A,-1.86,#N/A,5.73,0.39,0.68,-0.13,0.83,-3.29,1.05,0.73,2.45,3.57,-1.17,-3.23,-1.30,6.86,43.24,#N/A,-0.19,1.19,-1.36,2.64,#N/A,6.65,#N/A,-1.12,21.21,3.21,8.63,-3.93,8.24,2.89,5.61,1.29,14.01,6.60,-4.04,#N/A,1.23,4.66,-0.48,2.58,3.00,#N/A,3.80,-4.15,-7.18,9.55,-1.34
30-Oct-15,-4.93,-0.11,-0.83,-2.41,-1.94,#N/A,-6.65,#N/A,-5.09,1.05,1.75,-4.44,-5.97,-4.87,1.25,6.01,#N/A,2.03,#N/A,-8.32,-2.39,-4.75,-0.51,-3.77,0.68,8.32,-10.82,-8.11,-3.68,-1.12,4.88,-3.64,-2.01,-8.12,#N/A,1.64,-7.38,-4.03,-1.62,#N/A,17.26,#N/A,0.06,0.47,-12.97,-5.58,-12.57,-5.59,0.95,-4.57,-3.52,-4.21,8.25,-4.04,#N/A,-2.51,-2.94,0.46,0.46,-2.73,#N/A,-2.46,-3.66,-6.80,0.54,-4.80
06-Nov-15,0.49,-3.94,-5.53,-1.16,-2.21,#N/A,2.37,#N/A,-1.58,-2.59,-3.00,3.16,-1.25,2.93,-4.62,-2.29,#N/A,-14.99,#N/A,-3.93,2.45,3.38,-3.13,-3.03,-4.46,-6.48,-4.09,-5.83,-6.34,2.27,-10.07,-5.08,-2.59,-11.59,#N/A,-6.64,-3.78,-3.18,0.00,#N/A,5.52,#N/A,-3.79,-9.64,-1.91,-2.07,-17.66,-4.14,-2.91,7.10,-2.36,-5.79,-5.17,-1.29,#N/A,-49.58,-4.05,-9.60,-4.98,-2.86,#N/A,0.26,-3.47,-3.05,-3.10,0.32
13-Nov-15,-5.63,-6.51,-4.92,-2.83,-0.36,#N/A,-7.10,#N/A,-3.72,2.04,0.35,-0.67,0.38,-1.33,-5.98,1.94,#N/A,-6.75,#N/A,-2.25,-2.86,-0.09,-1.23,-2.61,7.22,13.48,1.93,-1.92,-1.64,-2.16,2.29,-1.29,0.20,2.43,#N/A,5.51,-4.12,2.49,-0.69,#N/A,33.41,#N/A,-0.33,8.29,3.57,0.24,6.58,-1.49,-0.74,-1.94,-0.69,0.26,6.41,2.96,#N/A,10.02,3.09,-7.71,-4.13,2.88,#N/A,-0.04,-3.40,24.85,2.75,1.84
20-Nov-15,0.09,3.97,-3.57,6.85,0.72,#N/A,6.68,#N/A,-1.79,0.28,2.52,-3.08,1.10,2.38,4.42,0.04,#N/A,-1.05,#N/A,2.06,2.39,-1.09,1.29,3.14,-1.45,22.17,2.29,4.18,0.13,22.72,6.64,2.14,1.18,1.98,#N/A,0.88,2.09,-1.34,7.06,#N/A,-1.27,#N/A,4.92,-3.25,-2.06,-3.35,-0.46,3.85,-1.73,0.66,-1.40,20.81,-2.84,0.25,#N/A,-4.78,6.51,-2.06,-1.12,2.61,#N/A,-0.99,9.36,-4.44,-1.54,5.61
27-Nov-15,10.57,0.08,-1.14,19.71,6.53,#N/A,0.02,#N/A,-1.41,-1.66,2.41,11.16,-1.55,8.47,-0.52,-0.21,#N/A,-7.46,#N/A,-1.06,2.69,1.26,2.61,-1.54,3.72,14.54,0.04,9.83,1.98,-4.15,-0.09,5.05,1.02,6.86,#N/A,22.41,0.04,3.51,16.95,#N/A,-1.84,#N/A,-78.90,4.85,1.92,0.61,-0.61,1.97,2.82,-3.05,-0.24,30.21,-1.47,6.54,#N/A,-4.23,-0.98,1.85,0.88,-3.46,#N/A,-0.60,-0.12,5.57,15.88,-0.59
04-Dec-15,-4.80,-0.38,0.90,2.67,1.34,#N/A,2.28,#N/A,1.99,-1.12,-0.26,-5.93,-4.05,-2.98,0.47,-1.21,#N/A,3.09,#N/A,1.91,1.29,3.48,-0.14,0.33,-0.81,-9.46,-0.95,21.77,1.78,-7.81,0.64,-5.80,6.44,12.71,#N/A,-1.02,-0.49,5.01,7.74,#N/A,15.92,#N/A,-8.34,8.11,-1.07,1.30,-2.31,9.28,1.60,-1.23,5.69,10.34,-1.56,18.79,#N/A,-0.62,1.64,2.18,4.02,1.42,#N/A,-2.14,-3.66,12.28,-1.02,4.63
11-Dec-15,-4.04,4.50,-5.72,-5.73,-7.81,#N/A,1.36,#N/A,-3.31,-0.09,0.82,-9.23,-1.29,-7.71,-0.97,-0.34,#N/A,-7.20,#N/A,-1.72,-4.21,4.89,-1.19,-9.04,-3.52,-4.02,-10.85,0.31,-0.37,-15.90,-2.85,-6.01,-2.11,-9.88,#N/A,-5.77,-3.59,-8.24,-8.21,#N/A,-1.62,#N/A,6.56,-5.85,-1.55,-4.02,-8.28,-10.25,-4.29,-2.96,-3.97,-15.22,-0.35,1.68,#N/A,-1.16,-2.25,0.26,-6.24,-1.92,#N/A,-3.98,-2.56,-4.55,-6.83,-5.74
18-Dec-15,4.06,4.80,1.30,3.21,3.10,#N/A,4.64,#N/A,1.88,2.87,2.73,11.51,0.42,5.41,0.43,1.99,#N/A,0.33,#N/A,2.21,1.15,0.63,1.35,5.26,4.12,9.67,12.27,1.77,2.78,0.00,-1.00,9.16,-1.35,7.27,#N/A,17.61,2.56,4.30,19.91,#N/A,0.33,#N/A,2.98,1.67,11.87,-0.93,-3.10,1.09,-1.30,1.71,0.90,6.35,0.86,-3.02,#N/A,0.27,-2.58,4.27,2.30,7.78,#N/A,1.20,0.02,5.88,5.12,2.90
24-Dec-15,1.51,-0.72,3.83,7.87,18.06,#N/A,-0.60,#N/A,0.53,4.77,5.74,-1.88,-0.18,-2.57,0.95,1.67,#N/A,1.20,#N/A,-2.27,1.60,1.17,0.57,1.56,-3.37,0.00,2.47,3.78,5.42,1.66,1.21,-0.36,-0.79,2.78,#N/A,3.91,1.11,7.75,14.55,#N/A,23.57,#N/A,4.51,3.28,6.14,0.85,13.84,-0.94,-0.26,3.77,4.96,-3.75,0.86,10.32,#N/A,5.39,-1.19,0.14,-1.74,1.86,#N/A,0.64,-0.63,1.44,4.67,-4.00
01-Jan-16,5.93,4.69,0.38,1.12,-6.57,-1.51,1.58,#N/A,15.69,1.27,2.74,1.56,-14.90,4.27,0.99,-0.63,-10.12,3.17,#N/A,1.18,-1.09,4.13,0.00,-0.38,0.77,-6.02,-3.34,-2.66,-4.66,-0.81,-1.01,0.70,0.66,-0.54,#N/A,8.81,2.22,-2.48,4.97,#N/A,5.30,#N/A,0.80,-3.53,-2.49,0.09,10.83,-1.53,0.84,3.75,-2.14,11.43,-0.58,-0.92,#N/A,0.24,1.10,3.06,-1.98,6.20,#N/A,1.56,0.47,-2.08,3.48,2.62
08-Jan-16,-5.24,-3.37,-5.94,-7.53,0.31,-1.50,-3.78,#N/A,-1.56,-4.10,-0.61,0.38,-6.58,-8.69,-4.93,-2.73,0.44,-3.07,#N/A,-3.62,12.34,-4.81,-0.37,-7.12,-7.29,0.27,2.63,-3.33,-2.71,-1.57,-8.45,-2.45,-0.72,12.61,#N/A,19.70,-7.20,-7.47,19.94,#N/A,-6.04,#N/A,3.78,-2.10,-1.10,7.64,5.13,-2.58,-1.11,-3.21,-2.83,-6.58,-2.91,-5.86,#N/A,-4.68,-5.94,-2.79,-3.72,-2.78,#N/A,-2.60,-5.79,-6.46,6.91,-1.32
15-Jan-16,-4.38,-4.82,-6.52,3.24,-13.39,-3.18,-2.57,#N/A,-3.77,-3.71,-3.18,-8.60,-0.64,-19.55,-2.42,-4.51,-2.39,-2.45,#N/A,-12.64,-11.39,-0.99,-3.08,-3.28,-21.54,-27.99,-11.18,-7.62,-1.22,-9.39,-9.61,-7.82,-18.04,-17.66,#N/A,-23.08,-0.70,-35.46,-17.21,#N/A,-24.50,-6.83,-11.47,-21.31,-5.26,-8.57,-12.98,-5.98,-4.24,-6.64,-3.48,-14.18,-0.71,-24.72,#N/A,-12.20,-13.35,-0.90,-9.05,-5.61,#N/A,-8.14,-3.74,-17.11,-13.86,-18.56
22-Jan-16,-7.15,-6.51,1.96,-9.19,0.00,-4.51,2.51,#N/A,0.41,-0.24,-3.91,-4.78,-2.37,8.03,-3.96,0.36,-6.22,-1.82,#N/A,-1.75,-0.28,2.75,-1.67,-9.34,9.61,-5.75,-4.80,-4.39,-2.01,0.46,4.40,-3.31,-0.94,-2.93,#N/A,-16.79,0.95,-2.41,-9.22,#N/A,-3.90,3.16,-0.61,-4.39,-5.46,-4.76,-5.00,-13.70,-1.02,-0.44,-2.88,-12.91,-0.56,-1.68,#N/A,-2.58,6.60,0.53,-6.93,3.39,#N/A,4.90,-6.09,-2.24,3.48,-6.80
29-Jan-16,4.58,-0.51,6.53,3.35,-4.35,-0.70,4.85,#N/A,2.69,2.52,1.75,11.73,1.30,9.71,0.40,5.51,5.42,7.65,#N/A,3.04,4.00,-0.70,3.03,2.49,-2.88,18.44,-3.88,6.88,6.93,9.85,4.19,9.25,3.39,0.60,#N/A,-0.91,-0.38,5.51,16.61,#N/A,17.90,5.61,-0.11,11.43,-1.75,6.06,1.29,-0.09,-0.29,9.54,2.08,6.80,1.60,9.05,#N/A,-0.97,2.95,10.50,13.51,1.26,#N/A,0.54,4.93,1.78,1.04,5.98
05-Feb-16,-4.68,-1.69,2.71,-8.32,-5.30,-1.38,-1.05,#N/A,-5.72,-8.48,-3.74,-3.17,7.25,-1.22,-2.69,-3.25,2.63,0.18,#N/A,-4.73,#N/A,-5.39,2.07,-4.67,-2.36,-5.38,-3.73,-6.25,-5.04,3.06,-7.41,-3.11,-0.24,1.44,#N/A,0.92,5.33,-9.74,-12.25,#N/A,-6.89,-3.88,-5.40,-3.23,0.94,-6.56,-7.99,-8.50,0.18,-2.28,-2.84,3.88,-0.35,-8.01,#N/A,8.62,-5.28,-1.86,-10.67,-0.49,#N/A,-1.58,-9.09,-8.38,-2.63,-17.81
12-Feb-16,-4.93,-3.23,0.47,-22.86,-9.47,-1.31,-3.85,#N/A,-1.79,-13.50,-5.98,-27.86,-6.27,-21.31,-7.26,-10.56,-0.19,-8.45,#N/A,-8.12,#N/A,-10.00,-2.65,-5.99,-6.56,-5.21,-19.37,-10.76,-12.19,-8.50,-5.57,-6.29,-12.01,-17.99,#N/A,-16.21,-2.80,-17.17,-15.05,#N/A,-3.36,-10.20,-8.86,-15.90,-17.49,-10.76,-21.44,-8.17,-11.01,-2.21,-9.76,-13.93,-1.70,-11.11,#N/A,-7.28,-12.87,-0.99,-7.58,-6.13,#N/A,-10.31,-5.95,-13.57,-7.66,-27.26
19-Feb-16,-1.27,1.78,-1.62,-7.04,0.59,-0.87,2.20,#N/A,2.36,-0.59,4.07,16.00,6.82,2.60,-1.05,0.64,8.43,7.58,#N/A,5.26,#N/A,15.37,0.03,8.08,2.21,-2.62,13.04,0.23,-2.21,1.25,10.03,3.63,1.84,3.46,#N/A,2.82,1.82,-16.77,-10.89,#N/A,-10.61,1.40,2.76,-0.96,-1.78,0.64,9.94,-1.56,-0.50,-3.16,2.92,7.55,4.51,3.58,#N/A,3.13,-3.14,1.82,2.66,2.49,#N/A,7.64,-1.00,0.55,5.48,5.91
26-Feb-16,-0.47,-1.49,-0.14,2.69,0.15,-2.33,0.12,#N/A,-0.16,-6.18,0.65,6.38,-1.97,-4.00,0.13,-6.23,-4.28,-2.26,#N/A,0.17,#N/A,-4.49,-1.70,-1.55,-2.17,-5.13,-8.59,-3.80,-3.87,-0.22,-11.61,-1.84,-6.28,-6.14,#N/A,-7.98,-3.10,-2.88,-9.44,#N/A,0.78,-2.07,-9.47,-4.56,-3.06,-5.62,-7.64,12.54,-9.17,-3.67,-1.69,-8.73,-4.09,-78.95,#N/A,-7.00,-6.09,0.85,-1.65,4.75,#N/A,-4.60,-1.97,-6.20,0.30,-3.13
04-Mar-16,5.37,5.49,8.39,9.44,9.50,2.84,-1.40,#N/A,4.92,14.03,4.64,-8.76,5.42,10.05,2.93,8.43,3.08,8.38,#N/A,4.82,14.95,2.42,2.98,9.95,11.82,26.08,9.87,10.32,9.26,2.92,1.28,8.47,24.91,11.29,#N/A,10.70,3.04,23.32,20.00,#N/A,7.14,5.03,14.42,14.35,5.30,5.52,18.61,-1.61,7.37,1.54,4.17,14.76,5.67,3.64,#N/A,15.06,17.97,-1.59,12.83,-4.03,#N/A,4.81,10.60,14.39,3.82,16.73
11-Mar-16,-1.14,-4.50,2.27,-3.15,-0.40,4.23,0.19,#N/A,2.88,4.46,-0.38,-6.35,1.82,1.34,-0.82,-0.60,0.97,-0.98,#N/A,-2.10,#N/A,-1.99,-0.13,1.68,6.53,-4.82,4.36,-0.37,1.28,-0.57,-6.24,-2.01,-0.29,7.08,#N/A,-3.67,4.35,5.54,13.60,#N/A,-2.88,-2.95,3.48,4.18,7.82,-3.10,1.38,-1.38,0.08,3.45,-1.35,4.48,-0.08,0.63,#N/A,-1.51,3.24,1.23,-1.82,3.42,#N/A,-2.83,4.01,2.41,-2.90,6.71
18-Mar-16,-1.53,-4.92,-6.15,-0.67,-2.68,0.46,-1.36,#N/A,-7.71,-1.62,-5.29,0.19,-0.89,-3.01,-1.19,-2.03,6.79,-1.29,#N/A,-2.23,#N/A,7.84,4.87,-2.45,-5.69,-4.05,1.51,-5.21,-2.27,0.00,3.04,-4.53,11.14,-9.35,#N/A,-6.67,-16.08,-1.78,0.00,#N/A,-7.42,1.66,-6.04,-6.08,-2.94,0.23,-3.71,-1.50,-15.54,2.82,-2.58,-6.58,-5.31,-6.01,#N/A,-5.64,-3.78,-5.98,1.91,1.43,#N/A,1.89,-6.96,-4.50,0.66,-3.92
28-Mar-16,-4.00,0.21,4.00,10.47,-1.65,0.85,-1.47,#N/A,-2.15,3.44,4.33,1.29,-6.55,1.97,-0.74,-1.20,0.54,-4.25,#N/A,-2.77,#N/A,-2.35,8.55,2.16,0.29,-5.52,3.98,-2.71,5.40,-0.93,8.94,-0.02,1.73,-2.89,#N/A,3.61,-4.09,-10.89,0.00,#N/A,3.61,-3.97,-12.88,-6.09,12.95,-2.39,-6.67,0.05,6.11,2.51,-0.27,-0.86,-1.51,-5.24,#N/A,3.59,1.99,-0.59,-0.02,-6.39,#N/A,4.00,2.87,1.57,-1.80,0.74
01-Apr-16,0.09,0.86,-0.18,6.17,0.70,-4.63,-1.78,#N/A,1.97,-2.02,2.44,-0.90,0.58,6.02,-2.10,3.75,1.86,-1.83,#N/A,1.92,#N/A,2.24,3.37,-3.37,0.17,3.48,8.89,-3.82,-2.87,11.59,-5.50,0.74,-0.27,6.66,#N/A,2.56,-1.99,3.51,9.99,#N/A,3.09,2.41,1.60,8.28,5.88,5.40,-0.60,-1.84,2.76,6.56,1.06,3.25,0.91,-4.27,#N/A,0.15,1.79,0.63,-1.02,0.21,#N/A,-0.21,1.90,5.23,4.16,3.74
08-Apr-16,-1.02,-0.06,5.17,-3.18,1.11,1.57,1.13,#N/A,1.84,3.68,9.28,6.07,-0.03,-1.63,-1.54,0.33,6.31,1.87,#N/A,1.97,5.15,-3.35,-3.49,-3.07,0.25,0.24,6.26,10.67,-2.64,4.45,-12.85,-1.06,-3.67,-0.40,#N/A,-1.54,5.14,4.70,15.38,#N/A,-2.81,1.80,5.78,-4.46,-0.24,-0.52,0.41,-1.66,-4.15,1.42,-0.08,9.01,5.43,11.98,#N/A,0.76,-3.73,-0.53,-2.89,-3.31,#N/A,5.56,3.28,8.26,-79.17,-1.90
18-Apr-16,3.12,2.91,2.82,1.13,1.65,-4.99,-0.37,#N/A,-0.26,3.41,4.26,-8.51,2.87,-0.59,3.68,2.64,-0.82,1.83,#N/A,2.34,-1.97,2.87,0.75,2.98,6.04,-1.44,1.50,6.58,3.11,0.93,-1.77,0.67,-0.25,0.67,#N/A,1.30,1.97,-3.24,10.21,#N/A,-0.39,0.20,1.24,1.20,3.65,4.02,1.92,2.34,2.18,2.24,1.04,-0.58,-2.43,-0.21,#N/A,13.84,10.21,3.07,3.72,3.41,#N/A,2.32,2.98,-0.06,-2.85,8.03
22-Apr-16,0.17,-2.87,-0.45,0.95,7.58,-3.31,0.00,#N/A,0.43,-0.42,-1.45,-5.98,1.36,-3.74,1.40,3.30,-2.44,1.44,#N/A,-1.46,-1.46,0.22,-1.43,2.89,0.20,-3.65,-1.51,0.21,-3.89,5.94,1.86,-1.70,-4.40,-1.32,#N/A,3.21,-0.82,1.94,8.62,#N/A,4.84,1.25,5.75,-1.58,3.42,6.54,0.89,-0.64,0.98,-0.71,3.26,-0.04,-1.16,-5.86,#N/A,-0.85,-0.62,-1.98,-2.34,-2.20,#N/A,-0.83,0.27,1.81,-0.70,-1.08
29-Apr-16,0.39,-0.38,0.95,-0.91,-6.42,-3.61,-3.56,#N/A,-2.81,-2.44,6.26,-0.04,-2.20,-4.42,1.03,-2.19,2.24,-1.33,#N/A,-2.88,-5.25,-2.97,2.27,2.16,5.68,-0.13,-0.62,-0.21,-1.50,10.75,-0.71,0.04,6.09,2.01,#N/A,-4.17,3.18,-3.17,0.00,#N/A,-5.55,-0.94,3.47,2.81,-2.34,0.47,10.21,-1.87,-0.87,10.50,-1.04,4.02,4.59,-5.20,#N/A,-2.61,-3.65,-1.08,4.73,4.60,#N/A,-2.36,3.70,-1.78,-0.24,-2.85
06-May-16,-1.56,0.71,1.93,-0.43,-2.02,4.64,1.38,#N/A,-0.47,5.11,4.64,-9.48,-2.71,-3.14,-0.05,-3.07,-1.77,-7.31,#N/A,-0.64,4.05,-4.30,-4.12,-1.38,-6.53,8.71,-0.03,4.56,-1.58,13.82,-3.94,-0.80,-6.70,-2.63,#N/A,-0.65,-1.32,10.71,9.54,#N/A,16.05,-2.53,-6.27,-0.91,-2.23,-0.88,-6.95,-2.89,2.99,0.13,0.26,-11.98,-0.47,1.99,#N/A,0.29,1.63,-0.89,-2.21,-4.31,#N/A,-2.07,-1.22,-1.36,4.32,-5.81
13-May-16,-1.78,-0.22,-0.34,3.23,-1.65,-4.70,-0.47,#N/A,-2.04,-1.72,2.57,1.47,2.77,10.87,-1.02,5.89,-3.42,1.53,#N/A,0.53,-0.29,0.24,-4.92,6.06,4.17,-1.74,24.19,9.59,-0.63,5.91,-1.73,6.06,4.98,-1.08,#N/A,-0.20,0.09,-1.97,-2.76,#N/A,-10.12,9.46,-0.78,2.37,-2.89,-3.61,-5.45,0.06,-0.66,6.04,1.91,7.95,-1.82,-1.72,#N/A,0.63,8.10,-1.13,-0.55,3.47,#N/A,-0.32,2.55,5.31,-4.32,-0.35
20-May-16,5.45,0.09,2.11,-2.71,-0.42,3.92,0.39,#N/A,-2.97,-1.99,-1.04,-5.11,-1.82,-7.07,-4.52,-2.98,2.45,4.22,#N/A,1.67,-3.22,-0.21,-0.75,-0.84,-1.29,-5.08,-3.26,-4.83,-0.86,0.69,-3.92,-1.38,-5.21,5.19,#N/A,-5.17,-5.21,-9.57,-15.63,#N/A,-5.25,1.99,-0.12,-2.70,17.53,-0.14,-5.06,-1.01,-1.09,12.44,3.12,0.27,-1.94,-8.90,#N/A,-3.64,-9.33,-0.37,-0.76,-0.36,-3.08,-4.85,5.93,-7.53,-1.13,-0.73
27-May-16,-2.71,1.79,-2.57,0.90,-0.56,1.24,1.26,#N/A,-2.45,-0.84,12.45,-6.20,1.98,3.04,-6.62,3.66,-1.43,2.56,#N/A,2.62,2.18,-1.83,3.47,1.53,-0.73,2.86,0.32,-3.28,12.31,6.36,-3.09,0.49,-6.62,-5.71,#N/A,4.00,-1.62,5.01,3.36,#N/A,-5.94,-6.16,2.34,-0.92,-4.60,2.59,-1.49,-1.42,4.78,-1.88,1.73,3.38,0.14,3.87,#N/A,-4.58,3.80,4.22,0.83,0.44,5.56,4.33,-0.55,-0.88,0.30,0.02
03-Jun-16,-1.82,-4.43,1.04,-0.89,-2.54,8.96,1.68,#N/A,-0.64,3.32,0.53,-6.66,-2.34,-3.75,-1.81,5.22,4.37,1.51,#N/A,-2.98,0.70,-2.56,0.77,-7.38,8.36,-0.48,-2.16,1.89,-1.10,4.28,-4.32,-2.64,1.76,-5.79,#N/A,-3.78,-2.14,-7.53,10.52,#N/A,2.53,2.68,11.89,-6.39,-1.30,-1.30,-6.93,39.14,1.69,3.74,0.70,-4.91,1.88,-0.89,#N/A,3.56,-1.18,-10.57,-5.05,0.48,-0.98,-0.13,-2.02,-2.72,-4.31,-0.27
10-Jun-16,-0.70,-1.76,1.07,3.03,8.96,2.29,-0.61,#N/A,-0.92,-5.63,1.43,-3.81,-0.63,-0.15,2.40,-1.83,-0.36,-3.00,#N/A,-0.71,0.58,5.22,-1.22,-4.44,2.22,12.17,5.16,0.49,-1.90,-1.59,11.06,-2.33,2.54,2.05,#N/A,-2.31,-0.82,1.49,-1.33,#N/A,-1.03,2.03,1.20,-1.85,1.27,-0.51,6.51,-0.45,-1.68,-7.19,0.81,-4.29,-1.84,0.25,#N/A,0.76,0.39,0.45,-0.89,-1.08,-5.49,-1.89,-4.19,1.40,3.19,1.47
17-Jun-16,-0.36,-1.64,-3.96,0.22,-0.80,-0.75,-4.62,#N/A,4.83,-2.46,0.55,-8.38,-1.37,-0.17,1.95,-0.80,-9.59,-1.93,#N/A,-0.77,-3.29,-3.86,0.87,-2.16,-2.91,1.74,-0.93,4.42,-0.44,5.47,5.32,-0.23,-2.87,-5.30,#N/A,-1.84,1.90,-3.16,1.17,#N/A,-1.24,0.03,-3.33,-0.87,-1.74,-1.04,1.09,-2.12,1.67,1.21,-4.24,-4.81,-0.87,0.75,#N/A,1.76,-1.26,0.16,2.83,3.24,-1.66,-0.64,5.31,-2.62,-5.76,-5.98
24-Jun-16,-4.04,2.39,-1.63,-4.45,-5.48,0.09,0.52,#N/A,-2.72,-3.63,-0.96,7.05,-0.35,0.00,-1.86,-0.77,-8.37,4.82,#N/A,1.89,-0.89,-3.71,-1.38,0.80,-2.17,-5.54,9.35,-4.17,-2.89,3.02,-5.78,-2.58,-12.15,-1.66,#N/A,6.58,-0.11,1.05,13.18,#N/A,-3.78,-1.15,13.30,0.58,5.12,-0.01,30.67,-2.08,-1.38,4.56,-0.25,3.25,-1.07,-2.73,#N/A,0.04,-3.63,1.47,7.72,1.64,-6.75,-1.46,2.40,-1.98,-2.38,0.75
01-Jul-16,6.68,4.89,3.39,2.16,7.64,-1.14,2.00,#N/A,-0.48,6.39,4.11,7.39,5.12,11.95,6.59,2.93,2.86,10.38,#N/A,0.85,4.63,2.34,0.13,4.85,4.03,-0.23,2.66,13.47,1.03,5.07,6.05,5.61,3.00,6.77,#N/A,1.48,5.84,13.28,8.17,#N/A,5.90,-0.45,-1.05,5.23,7.71,0.95,-0.99,19.31,2.87,2.91,2.97,11.80,12.39,4.37,#N/A,18.90,11.31,1.36,15.69,1.02,3.15,4.98,6.67,6.85,5.40,5.48
08-Jul-16,2.37,0.60,6.88,4.99,2.63,-0.77,2.98,#N/A,0.15,4.45,-1.59,12.85,9.46,-1.52,2.33,-1.05,13.01,2.25,#N/A,4.47,-0.09,-0.56,0.30,4.53,1.17,-1.13,-1.71,0.20,3.96,1.21,-3.62,3.43,-0.02,0.86,#N/A,14.96,5.75,-1.12,0.00,#N/A,2.06,-1.86,3.00,3.59,-1.15,1.85,-4.42,0.22,1.17,2.13,-0.87,3.32,-1.31,-0.80,#N/A,0.74,-0.72,1.90,1.31,5.61,-1.27,2.41,-3.35,6.95,0.06,1.45
15-Jul-16,4.13,-0.36,-1.97,-2.54,-3.84,4.21,0.44,#N/A,-2.01,-2.24,-3.07,1.10,2.06,0.83,-0.69,2.63,3.50,0.77,#N/A,0.03,-1.48,7.01,-0.42,1.82,2.60,-2.52,0.82,-2.05,2.54,2.35,-0.46,1.53,-5.09,0.43,#N/A,-1.76,2.03,-3.71,0.00,#N/A,-2.83,-4.54,-0.86,-5.20,11.48,1.59,20.79,-5.50,0.77,4.32,-1.06,0.69,-2.45,-2.25,#N/A,4.12,-2.04,-1.05,-1.67,-4.31,-3.39,-0.61,7.38,22.85,-3.87,-1.23
22-Jul-16,4.66,-0.34,0.42,0.16,2.53,11.60,-2.89,#N/A,0.37,5.05,14.67,4.76,1.39,8.80,0.69,4.52,-0.22,0.62,#N/A,-4.02,2.90,6.64,-2.13,1.55,-1.57,0.70,2.24,0.82,5.42,0.00,4.78,1.81,7.64,2.13,#N/A,4.50,1.70,3.10,0.00,#N/A,0.21,-0.67,2.67,5.20,-2.38,-1.87,-1.45,4.52,0.48,1.47,3.99,1.74,0.42,-7.42,#N/A,-6.04,2.12,2.25,1.53,3.59,5.10,3.03,2.90,-5.19,-2.92,3.87
29-Jul-16,1.54,-1.31,10.74,-0.25,-0.65,-1.03,1.74,#N/A,-1.11,-0.86,2.47,7.20,-1.55,-0.79,1.63,-0.31,-1.17,-18.53,#N/A,2.84,-0.93,-5.23,-2.25,-0.58,-1.04,-1.98,5.77,6.42,-0.19,1.93,5.12,0.09,3.17,-3.06,#N/A,-1.75,2.47,-1.87,0.00,#N/A,-1.04,0.60,5.55,-3.48,-4.40,-2.47,-1.10,-0.04,2.35,1.43,-3.16,37.68,1.45,0.16,#N/A,6.49,-0.51,5.33,0.61,-1.69,0.67,-1.13,-6.03,-4.44,1.74,3.41
05-Aug-16,-5.41,0.68,2.79,1.85,-0.65,-1.92,0.11,#N/A,-1.94,-2.80,0.59,5.62,2.68,4.19,0.75,-1.23,-4.37,2.20,#N/A,-2.08,-3.32,10.04,-5.05,-2.00,-1.12,-1.55,-5.64,0.52,2.07,-12.31,0.75,5.80,-1.34,-0.86,#N/A,19.61,-3.80,2.12,19.97,#N/A,0.00,8.65,-0.35,-3.74,-2.19,-2.83,-6.97,-1.94,-2.97,-1.70,-0.68,7.28,-1.89,-6.99,#N/A,-2.09,-1.56,1.52,11.33,-0.43,-3.04,5.45,-1.28,-1.19,-3.62,0.70
12-Aug-16,-1.45,0.63,4.06,2.45,-1.05,2.02,4.09,#N/A,4.14,-3.02,1.58,-2.03,-1.78,-5.00,-2.90,0.45,0.44,0.10,#N/A,-2.17,-0.35,2.39,-1.43,0.35,-4.44,-2.42,4.29,-0.84,-1.19,0.97,2.51,-0.74,17.01,2.46,#N/A,9.76,-5.71,-4.97,29.99,#N/A,-7.34,-4.43,1.14,0.58,1.03,-0.28,-7.81,-2.62,-1.70,6.38,0.95,4.78,-2.95,-4.30,#N/A,-3.09,-0.70,-4.81,-7.76,-0.35,0.79,-2.53,-0.85,-4.08,-0.82,-20.18
19-Aug-16,-0.25,-0.77,3.67,-11.91,-0.13,-1.46,-1.57,#N/A,2.55,2.25,-0.11,7.18,0.91,7.33,7.53,9.52,-0.53,0.21,#N/A,3.79,1.81,-2.72,0.53,2.05,-1.78,-0.62,-0.55,-5.59,-1.32,3.54,-3.42,-1.21,30.82,-3.96,#N/A,-7.29,-0.10,-10.80,6.84,#N/A,-6.33,0.91,1.09,0.43,4.78,1.81,-2.16,-14.25,0.02,21.52,3.91,1.46,-0.07,3.97,#N/A,4.19,-13.12,-2.38,0.94,1.68,1.88,4.67,-3.24,4.25,6.95,-1.72
26-Aug-16,-1.02,1.32,-0.02,3.12,0.67,0.18,-3.07,#N/A,-1.01,3.39,5.52,7.53,2.27,0.49,2.14,2.12,-0.73,0.95,#N/A,1.59,-2.74,-7.83,-4.31,-1.49,-3.44,-0.87,-0.90,3.81,0.99,-0.11,7.06,21.49,1.76,-2.95,#N/A,0.73,-4.12,-0.12,0.03,#N/A,-4.11,0.87,6.51,5.27,8.70,0.75,3.63,-3.63,2.34,-9.12,-0.91,-4.45,-0.21,14.23,#N/A,-4.23,-3.52,-3.41,-1.40,9.88,-2.74,4.23,0.83,7.92,-5.08,2.58
02-Sep-16,-0.70,-2.47,-2.11,1.09,1.72,6.16,1.60,#N/A,-4.50,-1.33,2.16,1.27,0.93,-0.23,1.82,-1.23,25.57,2.72,#N/A,1.87,1.33,1.82,-0.23,-1.36,-1.18,-1.26,0.12,0.08,4.13,2.64,-1.62,-6.58,5.06,-0.46,#N/A,14.15,0.25,5.26,0.00,#N/A,19.65,1.09,-0.37,0.00,-1.24,1.11,2.99,-2.04,0.88,-2.08,-2.02,5.02,3.25,-1.54,#N/A,-2.91,-0.91,3.45,4.33,2.14,14.63,-0.62,-1.73,-2.61,-2.98,-0.02
09-Sep-16,-0.64,0.71,1.04,1.66,3.51,-1.99,-1.19,#N/A,-2.12,3.04,-0.38,5.73,1.21,7.41,0.64,0.55,-1.49,2.25,#N/A,14.72,1.20,1.73,0.53,6.81,-0.16,-1.02,0.50,-1.50,-0.91,2.19,8.61,11.37,5.46,2.13,#N/A,-2.52,3.44,2.21,0.00,#N/A,2.74,-0.50,-1.97,9.07,-1.68,1.93,7.37,2.42,2.61,3.44,2.51,11.79,-2.44,4.70,#N/A,0.93,4.18,1.92,-1.06,1.87,-1.95,3.48,2.19,6.66,6.57,4.97
16-Sep-16,10.29,-1.14,0.24,-0.96,-4.52,6.65,-3.74,#N/A,-1.61,-2.14,1.29,2.07,-0.60,1.11,1.87,1.31,4.51,-1.30,#N/A,0.24,6.34,-2.43,-5.12,1.98,-6.16,5.01,-0.76,2.20,-1.64,2.18,0.32,9.44,5.84,-0.45,#N/A,-3.38,-1.92,0.57,0.00,#N/A,-3.48,3.04,-1.07,-5.58,-0.21,0.89,-0.15,1.16,-0.15,1.49,-0.14,2.34,-1.53,-0.78,#N/A,-2.02,3.96,-1.59,-5.67,-0.75,2.77,-4.06,-1.39,2.15,-1.77,5.97
23-Sep-16,16.59,3.70,4.52,2.90,-0.92,2.84,2.48,#N/A,-2.90,7.24,4.56,-6.18,2.11,0.53,3.17,-0.42,-1.52,0.95,#N/A,-1.02,18.18,0.00,-1.36,3.48,2.71,-7.34,1.76,9.05,8.41,3.23,1.36,-3.90,5.33,1.50,#N/A,8.27,-3.21,8.26,0.00,#N/A,11.04,-2.59,-5.98,-2.37,1.50,-3.33,-5.26,-1.69,-2.50,0.28,-1.26,-0.26,-0.38,0.83,#N/A,2.37,1.02,-0.56,-5.32,3.54,-4.12,2.82,-1.74,4.16,13.62,-2.71
30-Sep-16,0.64,-0.87,-1.84,-1.91,1.20,-5.60,-1.08,#N/A,-3.00,1.48,-2.90,-5.80,-1.76,-2.61,-5.06,-3.31,-8.12,-2.28,#N/A,-3.12,-2.40,-4.77,-0.69,-2.64,-4.04,-7.13,-2.22,10.63,-8.16,-10.03,0.18,-3.31,-3.38,20.38,#N/A,-9.83,-0.22,9.61,0.00,#N/A,-10.71,6.60,-3.36,-2.69,-4.50,-2.63,-6.20,3.31,-2.62,-3.77,-2.68,-4.41,-2.93,-6.20,#N/A,-0.87,-2.45,-4.79,-6.27,-4.22,0.69,-0.97,1.87,-3.37,30.32,-0.71
07-Oct-16,4.29,1.58,-2.06,3.61,8.66,-0.38,-0.37,#N/A,1.96,0.11,1.05,6.99,0.30,6.86,-1.82,-1.41,-2.61,-1.75,#N/A,1.88,3.56,3.48,4.78,0.77,2.32,1.28,-3.22,-1.97,0.27,-4.30,1.23,0.51,3.79,8.59,#N/A,1.87,0.90,2.96,43.99,#N/A,0.64,0.77,1.00,2.77,3.87,0.11,4.78,-1.22,0.27,1.01,2.10,0.26,-0.27,-1.56,#N/A,6.74,-0.98,1.14,1.06,4.18,0.35,0.53,4.47,-0.10,3.97,1.85
14-Oct-16,-0.67,-1.44,-1.09,2.46,10.14,2.24,1.00,#N/A,2.04,-3.73,0.62,-0.75,0.75,2.33,2.96,-2.87,-1.43,-0.82,#N/A,-1.16,0.80,-1.19,1.45,-0.54,0.76,0.84,2.41,-2.01,-0.46,-4.83,2.23,9.65,1.59,0.00,#N/A,1.51,-2.30,-3.61,10.41,#N/A,-0.85,2.87,1.16,-1.62,-1.02,-0.91,-1.08,-0.64,-0.82,-0.97,-0.45,-0.85,2.10,-0.85,#N/A,-0.01,-1.96,-0.74,-0.91,1.91,0.70,0.17,2.80,-1.30,-0.95,-2.02
21-Oct-16,-0.53,0.42,1.90,2.62,-5.70,-2.08,2.83,#N/A,6.26,-0.04,5.90,7.92,-0.10,-72.06,-0.65,2.85,8.24,2.63,#N/A,-0.58,-0.21,3.87,0.10,1.06,2.63,14.62,1.37,6.71,-1.09,3.74,1.83,-2.79,5.39,5.42,#N/A,6.44,2.36,1.34,0.64,#N/A,4.94,1.12,-2.60,-1.50,-2.28,-0.46,2.01,-1.29,-2.05,0.87,5.73,5.49,2.12,-1.28,#N/A,4.89,2.10,0.15,4.05,8.59,6.88,-3.05,-1.48,1.21,-0.53,-0.15
28-Oct-16,4.61,4.41,3.16,12.22,-3.95,-1.20,-2.26,#N/A,-3.48,-1.35,-8.15,-1.49,7.90,-6.37,-1.42,0.40,4.63,8.08,#N/A,4.17,0.55,0.93,-1.70,0.35,-1.18,25.15,0.00,-2.43,-7.86,0.30,-3.34,1.31,0.91,4.29,#N/A,-5.69,-0.57,-1.61,0.00,#N/A,-4.29,-1.52,-2.33,-2.50,1.09,1.90,-0.16,1.81,-2.11,-4.04,10.55,-4.53,0.45,0.00,#N/A,-0.82,4.76,-0.40,6.80,6.72,-3.80,-10.87,2.08,1.65,-5.50,-0.75
04-Nov-16,-8.11,-5.30,-8.17,-7.70,-8.11,-3.83,-3.90,#N/A,-1.60,-10.54,-5.04,-3.16,-7.62,-1.76,-5.21,-1.78,-1.35,-8.42,#N/A,-4.95,-7.35,-5.35,-4.64,-7.11,-8.18,-6.21,-2.72,-1.37,-3.19,-6.96,-4.43,-8.47,-9.77,-10.48,#N/A,-8.63,-4.66,-10.31,20.34,#N/A,-6.84,-0.58,-3.24,2.42,0.07,-2.70,-7.00,6.72,-2.26,-9.37,-4.89,-6.67,-1.53,-6.07,#N/A,-4.62,1.50,-12.24,-11.50,-7.19,-2.80,-8.34,-6.88,9.03,-6.89,-7.81
11-Nov-16,0.32,-0.40,-3.43,0.77,-3.43,4.07,-1.56,#N/A,-0.62,6.21,0.34,-6.50,-2.42,-1.35,0.96,-1.85,2.09,5.96,#N/A,4.28,1.10,-3.25,-4.96,1.13,-2.64,-0.10,0.51,0.65,6.00,-11.99,-4.05,2.35,-1.11,-5.86,#N/A,-7.19,2.76,1.40,-11.34,#N/A,5.96,0.10,9.77,-4.45,2.15,-0.71,-4.96,-2.78,0.81,-5.56,0.84,0.14,-0.30,-0.71,#N/A,-0.18,0.31,5.55,3.24,5.18,-0.66,0.79,-0.72,-3.60,-6.20,-2.12
18-Nov-16,-2.53,-3.25,-0.54,-6.42,-7.37,0.20,-5.37,#N/A,-2.65,-6.47,-0.98,-7.88,-1.98,-3.74,0.01,-3.84,-0.34,-1.49,#N/A,-2.51,-6.95,-1.99,2.75,2.26,-5.24,-12.44,-2.17,-3.27,-3.21,-9.51,-3.07,-4.27,2.38,-12.56,#N/A,-7.67,-2.93,-9.43,-19.07,#N/A,-11.04,-3.27,3.52,-14.41,-4.54,-0.75,-12.77,-7.05,0.41,-5.04,12.39,1.38,-0.73,0.59,#N/A,-1.60,-2.43,-0.10,-2.20,-6.14,-2.03,0.60,-2.90,-9.20,-5.17,-6.66
25-Nov-16,0.98,3.79,0.91,2.99,2.95,3.13,0.35,#N/A,0.37,2.49,0.55,5.73,8.49,3.50,2.47,-2.11,-0.54,-1.33,#N/A,-1.29,-3.39,10.11,-1.49,0.78,5.38,11.24,-4.81,2.17,-3.98,0.10,4.60,0.20,6.07,3.63,#N/A,4.63,6.49,1.05,-5.45,#N/A,2.19,5.18,-6.71,7.99,4.75,1.63,0.21,7.20,0.20,14.83,3.63,-2.36,0.64,-0.21,#N/A,11.28,3.97,3.47,0.65,0.21,9.09,3.82,1.15,-0.31,-0.17,-7.49
02-Dec-16,6.34,3.04,3.60,3.65,2.29,-0.63,-0.23,#N/A,1.40,-2.77,4.24,22.58,-2.43,0.18,1.43,-1.89,-2.20,0.33,#N/A,2.05,-1.12,-1.90,1.73,-4.68,2.72,-3.19,1.00,2.75,-5.21,2.29,-0.40,0.62,3.52,-0.40,#N/A,1.23,-1.36,1.62,11.99,#N/A,10.00,-2.65,-1.57,-0.79,1.85,4.00,1.28,2.52,4.18,-1.29,3.51,7.72,-0.11,-6.86,#N/A,4.53,-0.45,1.03,3.66,7.15,-0.30,-1.17,0.08,-0.98,3.89,2.45
09-Dec-16,1.54,-2.60,-0.53,-1.14,1.40,-0.35,2.14,#N/A,-1.17,0.51,3.26,1.82,-1.04,-1.60,1.38,2.23,-2.73,0.21,#N/A,1.69,2.50,-0.38,1.16,4.76,0.67,15.38,2.27,2.65,-1.36,1.15,-3.70,-0.19,-3.07,-1.76,#N/A,-0.72,1.82,-1.71,-1.37,#N/A,-2.38,-0.21,1.79,2.38,0.79,-1.68,1.47,9.31,-1.40,5.09,2.63,-1.60,2.52,-2.53,#N/A,-1.78,4.10,-6.46,-3.47,9.49,2.93,-0.44,0.87,4.64,-2.82,-0.01
16-Dec-16,0.02,-1.20,-3.17,1.96,-0.28,-4.13,-0.58,#N/A,0.16,-4.43,3.65,-6.24,-3.86,-0.75,-2.30,-0.68,-2.71,-2.48,#N/A,0.70,-2.64,6.38,-0.89,2.80,3.25,-2.29,-0.97,-4.71,3.35,-1.58,0.40,-1.88,-5.74,3.44,#N/A,2.35,-3.12,-1.16,-4.06,#N/A,-4.43,-0.34,-0.72,10.70,-0.45,0.26,-2.80,-6.63,-0.17,-1.48,4.96,-1.00,-1.62,4.55,#N/A,14.24,-1.80,-3.85,-2.28,-6.57,1.12,-2.68,0.36,-3.93,-0.39,-1.16
23-Dec-16,-8.00,0.35,-3.33,-6.09,-1.66,-0.25,-6.39,#N/A,-2.92,-6.25,-4.89,1.03,-10.17,-5.91,2.96,-24.87,-5.84,-3.35,#N/A,-7.80,3.49,-2.21,-0.15,-0.44,-6.59,4.29,2.40,-2.32,-2.00,-6.16,-3.41,-4.49,-6.97,-4.92,#N/A,-4.48,-1.58,-5.39,7.37,#N/A,-4.64,0.79,-1.83,-6.86,-3.02,-1.19,5.12,-2.92,-2.43,-13.06,-6.56,-0.30,-1.26,-2.84,#N/A,3.24,-5.38,-3.60,0.45,-8.25,-1.34,-1.79,-3.53,3.78,-1.40,-3.56
30-Dec-16,0.35,0.59,1.77,3.30,3.09,1.54,3.41,#N/A,0.41,3.27,2.28,-4.12,5.46,3.49,-2.50,-9.58,5.34,1.84,#N/A,6.96,-3.29,0.61,0.44,-3.97,-0.37,-0.56,-0.79,0.95,0.85,2.35,0.83,7.23,7.32,4.76,1.22,-0.43,2.65,-1.24,9.82,#N/A,-1.22,1.14,-0.48,-1.05,3.24,-0.93,-2.54,2.09,-0.21,9.95,2.84,2.60,1.43,0.55,#N/A,-8.44,1.95,0.95,-1.90,4.23,2.33,2.57,-0.93,3.75,1.88,-0.44
